source,date,year,title,letterboxd_uri,rating,rewatch,review,tags,watched_date,content,comment
ratings,2022-09-01,2022,American Psycho,https://boxd.it/28Vs,4,,,,,,
ratings,2022-09-03,2022,Thiruchitrambalam,https://boxd.it/wptK,3.5,,,,,,
ratings,2022-09-04,2022,Gulu Gulu,https://boxd.it/AyUS,3,,,,,,
ratings,2022-09-07,2022,Maanaadu,https://boxd.it/ju24,3.5,,,,,,
diary,2022-09-18,2022,D Block,https://boxd.it/3ezRBp,2.5,,,,2022-09-18,,
ratings,2022-09-18,2022,D Block,https://boxd.it/wGv4,2.5,,,,,,
diary,2022-09-27,2022,Bullet Train,https://boxd.it/3gsAWf,3.5,,,,2022-09-27,,
ratings,2022-09-27,2022,Bullet Train,https://boxd.it/qW26,3.5,,,,,,
diary,2022-09-28,2022,Vendhu Thanindhathu Kaadu,https://boxd.it/3gF0Ov,3.5,,,,2022-09-28,,
ratings,2022-09-28,2022,Vendhu Thanindhathu Kaadu,https://boxd.it/u8ki,3.5,,,,,,
diary,2022-10-02,2022,Cobra,https://boxd.it/3hgQKJ,2.5,,,,2022-10-01,,
diary,2022-10-02,2022,Malena,https://boxd.it/3hj7gl,3.5,,,,2022-10-01,,
diary,2022-10-02,2022,Naane Varuvean,https://boxd.it/3huRLr,3.5,,,,2022-10-02,,
ratings,2022-10-02,2022,Cobra,https://boxd.it/tPXq,2.5,,,,,,
ratings,2022-10-02,2022,Malena,https://boxd.it/1Vc0,3.5,,,,,,
ratings,2022-10-02,2022,Naane Varuvean,https://boxd.it/txW0,3.5,,,,,,
diary,2022-10-03,2022,The Worst Person in the World,https://boxd.it/3hxRoN,4,,,,2022-10-02,,
ratings,2022-10-03,2022,The Worst Person in the World,https://boxd.it/oyws,4,,,,,,
diary,2022-10-04,2022,X+Y,https://boxd.it/3hNAyt,3.5,,,,2022-10-03,,
ratings,2022-10-04,2022,X+Y,https://boxd.it/8uC0,3.5,,,,,,
diary,2022-10-05,2022,Ponniyin Selvan: Part I,https://boxd.it/3i857X,3,,,,2022-10-05,,
ratings,2022-10-05,2022,Ponniyin Selvan: Part I,https://boxd.it/oz24,3,,,,,,
diary,2022-10-09,2022,One Cut of the Dead,https://boxd.it/3iNXHd,4,,,,2022-10-08,,
diary,2022-10-09,2022,Dogtooth,https://boxd.it/3iPmSn,3.5,,,,2022-10-08,,
ratings,2022-10-09,2022,One Cut of the Dead,https://boxd.it/iAFu,4,,,,,,
ratings,2022-10-09,2022,Dogtooth,https://boxd.it/158K,3.5,,,,,,
diary,2022-10-14,2022,The Bow,https://boxd.it/3jU1nH,3.5,,,,2022-10-13,,
diary,2022-10-14,2022,Speak No Evil,https://boxd.it/3jVf1H,3,,,,2022-10-14,,
ratings,2022-10-14,2022,The Bow,https://boxd.it/27Ky,3.5,,,,,,
ratings,2022-10-14,2022,Speak No Evil,https://boxd.it/vqlg,3,,,,,,
diary,2022-10-16,2022,Sita Ramam,https://boxd.it/3kl9EP,3.5,,,,2022-10-15,,
ratings,2022-10-16,2022,Sita Ramam,https://boxd.it/xO2c,3.5,,,,,,
diary,2022-10-19,2022,[REC],https://boxd.it/3l2S4X,3.5,,,,2022-10-19,,
ratings,2022-10-19,2022,[REC],https://boxd.it/20ma,3.5,,,,,,
diary,2022-10-30,2022,Babel,https://boxd.it/3nsuih,3.5,,,,2022-10-30,,
ratings,2022-10-30,2022,Babel,https://boxd.it/292o,3.5,,,,,,
diary,2022-11-10,2022,Collateral,https://boxd.it/3pJ3JR,3.5,,,,2022-11-09,,
ratings,2022-11-10,2022,Collateral,https://boxd.it/28F0,3.5,,,,,,
diary,2022-11-13,2022,Sardar,https://boxd.it/3qtyq9,3,,,,2022-11-13,,
ratings,2022-11-13,2022,Sardar,https://boxd.it/wpuI,3,,,,,,
diary,2022-11-18,2022,Prey,https://boxd.it/3rmagf,3.5,Yes,,,2022-11-17,,
ratings,2022-11-18,2022,Prey,https://boxd.it/sNBU,3.5,,,,,,
diary,2022-11-19,2022,Love Today,https://boxd.it/3ryq1T,2.5,,,,2022-11-18,,
ratings,2022-11-19,2022,Love Today,https://boxd.it/D3KI,2.5,,,,,,
diary,2022-11-20,2022,Good Will Hunting,https://boxd.it/3rKOVZ,3.5,,,,2022-11-19,,
ratings,2022-11-20,2022,Good Will Hunting,https://boxd.it/2ahY,3.5,,,,,,
diary,2022-11-22,2022,The Grand Budapest Hotel,https://boxd.it/3sdMT1,4,,,,2022-11-21,,
ratings,2022-11-22,2022,The Grand Budapest Hotel,https://boxd.it/3ZqO,4,,,,,,
diary,2022-11-23,2022,Silver Linings Playbook,https://boxd.it/3spSuZ,3.5,,,,2022-11-22,,
ratings,2022-11-23,2022,Silver Linings Playbook,https://boxd.it/2TTo,3.5,,,,,,
diary,2022-11-29,2022,Natchathiram Nagargiradhu,https://boxd.it/3tI8ZJ,3.5,,,,2022-11-28,,
ratings,2022-11-29,2022,Natchathiram Nagargiradhu,https://boxd.it/wkx8,3.5,,,,,,
diary,2022-11-30,2022,Titanic,https://boxd.it/3u2JXl,3.5,Yes,,,2022-11-30,,
diary,2022-11-30,2022,Donnie Darko,https://boxd.it/3u3H2T,3.5,,,,2022-11-30,,
ratings,2022-11-30,2022,Titanic,https://boxd.it/2a2k,3.5,,,,,,
ratings,2022-11-30,2022,Donnie Darko,https://boxd.it/2b2A,3.5,,,,,,
diary,2022-12-01,2022,Nope,https://boxd.it/3u50HN,4,,,,2022-11-30,,
diary,2022-12-01,2022,127 Hours,https://boxd.it/3u50Tf,3,,,,2022-11-30,,
ratings,2022-12-01,2022,Nope,https://boxd.it/sDCe,4,,,,,,
ratings,2022-12-01,2022,127 Hours,https://boxd.it/SLa,3,,,,,,
diary,2022-12-03,2022,Psycho,https://boxd.it/3uBBen,4,Yes,,,2022-12-03,,
ratings,2022-12-03,2022,Psycho,https://boxd.it/2ab2,4,,,,,,
diary,2022-12-04,2022,3-Iron,https://boxd.it/3uRmW7,4,Yes,,,2022-12-04,,
ratings,2022-12-04,2022,3-Iron,https://boxd.it/28WK,4,,,,,,
diary,2022-12-09,2022,The Autopsy of Jane Doe,https://boxd.it/3vSFg1,3,,,,2022-12-09,,
ratings,2022-12-09,2022,The Autopsy of Jane Doe,https://boxd.it/dUu2,3,,,,,,
diary,2022-12-10,2022,Castaway on the Moon,https://boxd.it/3vT7wr,3.5,,,,2022-12-09,,
ratings,2022-12-10,2022,Castaway on the Moon,https://boxd.it/1GXU,3.5,,,,,,
diary,2022-12-12,2022,The Secret Life of Walter Mitty,https://boxd.it/3wAhCl,3.5,,,,2022-12-12,,
ratings,2022-12-12,2022,The Secret Life of Walter Mitty,https://boxd.it/3SWy,3.5,,,,,,
diary,2022-12-13,2022,Before Sunrise,https://boxd.it/3wDh9z,3.5,,,,2022-12-12,,
ratings,2022-12-13,2022,Before Sunrise,https://boxd.it/2bcU,3.5,,,,,,
diary,2022-12-17,2022,Parched,https://boxd.it/3xsbg7,3.5,,,,2022-12-16,,
diary,2022-12-17,2022,Avatar,https://boxd.it/3xvLnp,3,Yes,,,2022-12-17,,
diary,2022-12-17,2022,Avatar: The Way of Water,https://boxd.it/3xFvCj,3,,,,2022-12-17,,
ratings,2022-12-17,2022,Parched,https://boxd.it/bQii,3.5,,,,,,
ratings,2022-12-17,2022,Avatar,https://boxd.it/1Efm,3,,,,,,
ratings,2022-12-17,2022,Avatar: The Way of Water,https://boxd.it/2E2E,3,,,,,,
diary,2022-12-18,2022,The Florida Project,https://boxd.it/3xK0ON,3.5,,,,2022-12-17,,
ratings,2022-12-18,2022,The Florida Project,https://boxd.it/dMG0,3.5,,,,,,
diary,2022-12-21,2022,11:14,https://boxd.it/3yz3Y9,3.5,,,,2022-12-20,,
ratings,2022-12-21,2022,11:14,https://boxd.it/1Z4E,3.5,,,,,,
diary,2022-12-23,2022,Spider-Man: Into the Spider-Verse,https://boxd.it/3z5PwL,3.5,,,,2022-12-22,,
ratings,2022-12-23,2022,Spider-Man: Into the Spider-Verse,https://boxd.it/azpY,3.5,,,,,,
diary,2022-12-25,2022,Fresh,https://boxd.it/3zXkPP,3.5,,,,2022-12-25,,
ratings,2022-12-25,2022,Fresh,https://boxd.it/tCNi,3.5,,,,,,
diary,2022-12-26,2022,La La Land,https://boxd.it/3zY9Wx,3.5,,,,2022-12-25,,
diary,2022-12-26,2022,In Bruges,https://boxd.it/3A0zjb,4,,,,2022-12-25,,
diary,2022-12-26,2022,"Three Billboards Outside Ebbing, Missouri",https://boxd.it/3A2HYZ,3.5,,,,2022-12-25,,
ratings,2022-12-26,2022,La La Land,https://boxd.it/a5fa,3.5,,,,,,
ratings,2022-12-26,2022,In Bruges,https://boxd.it/20n8,4,,,,,,
ratings,2022-12-26,2022,"Three Billboards Outside Ebbing, Missouri",https://boxd.it/ceBS,3.5,,,,,,
diary,2022-12-27,2022,The Boy in the Striped Pyjamas,https://boxd.it/3ApQkP,3.5,,,,2022-12-26,,
ratings,2022-12-27,2022,The Boy in the Striped Pyjamas,https://boxd.it/1NOK,3.5,,,,,,
diary,2022-12-30,2022,The Girl with a Bracelet,https://boxd.it/3ByfOF,3.5,,,,2022-12-29,,
diary,2022-12-30,2022,Predator,https://boxd.it/3BSkRJ,4,,,,2022-12-30,,
ratings,2022-12-30,2022,The Girl with a Bracelet,https://boxd.it/lqS0,3.5,,,,,,
ratings,2022-12-30,2022,Predator,https://boxd.it/2b84,4,,,,,,
diary,2022-12-31,2022,The Royal Tenenbaums,https://boxd.it/3BUIEX,4,,,,2022-12-30,,
diary,2022-12-31,2022,Scott Pilgrim vs. the World,https://boxd.it/3Ch6y9,4,,,,2022-12-31,,
ratings,2022-12-31,2022,The Royal Tenenbaums,https://boxd.it/1YHU,4,,,,,,
ratings,2022-12-31,2022,Scott Pilgrim vs. the World,https://boxd.it/1Aq6,4,,,,,,
diary,2023-01-01,2023,Begin Again,https://boxd.it/3Cj651,3.5,,,,2022-12-31,,
ratings,2023-01-01,2023,Begin Again,https://boxd.it/5Ybs,3.5,,,,,,
diary,2023-01-02,2023,A Hero,https://boxd.it/3CHbIP,3.5,,,,2023-01-01,,
diary,2023-01-02,2023,(500) Days of Summer,https://boxd.it/3D4W6z,3.5,,,,2023-01-02,,
ratings,2023-01-02,2023,A Hero,https://boxd.it/p2zw,3.5,,,,,,
ratings,2023-01-02,2023,(500) Days of Summer,https://boxd.it/1EmM,3.5,,,,,,
diary,2023-01-03,2023,Friends with Benefits,https://boxd.it/3Dp92l,2.5,,,,2023-01-03,,
ratings,2023-01-03,2023,Friends with Benefits,https://boxd.it/DoK,2.5,,,,,,
diary,2023-01-04,2023,The Menu,https://boxd.it/3DU2MN,3.5,,,,2023-01-04,,
ratings,2023-01-04,2023,The Menu,https://boxd.it/lScm,3.5,,,,,,
diary,2023-01-05,2023,Miracle Mile,https://boxd.it/3DZRlt,3.5,,,,2023-01-04,,
diary,2023-01-05,2023,Chennai 600028,https://boxd.it/3Ek0XL,4,Yes,,,2023-01-05,,
ratings,2023-01-05,2023,Miracle Mile,https://boxd.it/1x68,3.5,,,,,,
ratings,2023-01-05,2023,Chennai 600028,https://boxd.it/2EDA,4,,,,,,
diary,2023-01-08,2023,Triangle of Sadness,https://boxd.it/3F98nN,3.5,,,,2023-01-07,,
diary,2023-01-08,2023,Lady Bird,https://boxd.it/3FahpF,4,,,,2023-01-07,,
diary,2023-01-08,2023,Me and Earl and the Dying Girl,https://boxd.it/3FvYRf,4,,,,2023-01-08,,
diary,2023-01-08,2023,Sound of Metal,https://boxd.it/3FyW2v,4,,,,2023-01-08,,
ratings,2023-01-08,2023,Triangle of Sadness,https://boxd.it/hXlq,3.5,,,,,,
ratings,2023-01-08,2023,Lady Bird,https://boxd.it/dGNE,4,,,,,,
ratings,2023-01-08,2023,Me and Earl and the Dying Girl,https://boxd.it/9SAE,4,,,,,,
ratings,2023-01-08,2023,Sound of Metal,https://boxd.it/i7Q4,4,,,,,,
diary,2023-01-10,2023,Four Lions,https://boxd.it/3GiVuZ,3.5,,,,2023-01-10,,
diary,2023-01-10,2023,Incendies,https://boxd.it/3Gl4bL,4,,,,2023-01-10,,
ratings,2023-01-10,2023,Four Lions,https://boxd.it/18do,3.5,,,,,,
ratings,2023-01-10,2023,Incendies,https://boxd.it/Msm,4,,,,,,
diary,2023-01-11,2023,Sicario,https://boxd.it/3Go75H,3,,,,2023-01-10,,
diary,2023-01-11,2023,Phantom Thread,https://boxd.it/3GDRmT,4,,,,2023-01-11,,
diary,2023-01-11,2023,Jaws,https://boxd.it/3GFZsp,4.5,,,,2023-01-11,,
ratings,2023-01-11,2023,Sicario,https://boxd.it/8i7u,3,,,,,,
ratings,2023-01-11,2023,Phantom Thread,https://boxd.it/e4uc,4,,,,,,
ratings,2023-01-11,2023,Jaws,https://boxd.it/2a5e,4.5,,,,,,
diary,2023-01-12,2023,Everything Everywhere All at Once,https://boxd.it/3GZkpf,4,,,,2023-01-12,,
ratings,2023-01-12,2023,Everything Everywhere All at Once,https://boxd.it/jUk4,4,,,,,,
diary,2023-01-13,2023,Searching,https://boxd.it/3H22eT,3.5,,,,2023-01-12,,
diary,2023-01-13,2023,Kiss Kiss Bang Bang,https://boxd.it/3HfShr,4,,,,2023-01-13,,
diary,2023-01-13,2023,Get Out,https://boxd.it/3Hhwax,3.5,,,,2023-01-13,,
ratings,2023-01-13,2023,Searching,https://boxd.it/hDPg,3.5,,,,,,
ratings,2023-01-13,2023,Kiss Kiss Bang Bang,https://boxd.it/23c8,4,,,,,,
ratings,2023-01-13,2023,Get Out,https://boxd.it/eOCm,3.5,,,,,,
diary,2023-01-14,2023,Death at a Funeral,https://boxd.it/3Hi5AF,3.5,,,,2023-01-13,,
diary,2023-01-14,2023,28 Days Later,https://boxd.it/3Hkoal,4,,,,2023-01-13,,
diary,2023-01-14,2023,Nitham Oru Vaanam,https://boxd.it/3HB2vF,3,,,,2023-01-14,,
ratings,2023-01-14,2023,Death at a Funeral,https://boxd.it/27dO,3.5,,,,,,
ratings,2023-01-14,2023,28 Days Later,https://boxd.it/2aXU,4,,,,,,
ratings,2023-01-14,2023,Nitham Oru Vaanam,https://boxd.it/lchO,3,,,,,,
diary,2023-01-15,2023,Polytechnique,https://boxd.it/3HXshD,3.5,,,,2023-01-15,,
diary,2023-01-15,2023,Seven Psychopaths,https://boxd.it/3HZk7T,4,,,,2023-01-15,,
ratings,2023-01-15,2023,Polytechnique,https://boxd.it/1AMG,3.5,,,,,,
ratings,2023-01-15,2023,Seven Psychopaths,https://boxd.it/34PW,4,,,,,,
diary,2023-01-16,2023,RRR,https://boxd.it/3I1Ggd,3,,,,2023-01-15,,
ratings,2023-01-16,2023,RRR,https://boxd.it/ljDs,3,,,,,,
diary,2023-01-18,2023,Vikram,https://boxd.it/3IKL7l,3.5,Yes,,,2023-01-17,,
ratings,2023-01-18,2023,Vikram,https://boxd.it/rUJa,3.5,,,,,,
diary,2023-01-19,2023,A Snake of June,https://boxd.it/3J5SGz,3,,,,2023-01-18,,
ratings,2023-01-19,2023,A Snake of June,https://boxd.it/1fuQ,3,,,,,,
diary,2023-01-20,2023,After Hours,https://boxd.it/3JnPhH,4,,,,2023-01-19,,
ratings,2023-01-20,2023,After Hours,https://boxd.it/1VfS,4,,,,,,
diary,2023-01-21,2023,The Big Lebowski,https://boxd.it/3JElDH,4,,,,2023-01-20,,
diary,2023-01-21,2023,Scarface,https://boxd.it/3JRTrV,3.5,,,,2023-01-21,,
ratings,2023-01-21,2023,The Big Lebowski,https://boxd.it/2b6C,4,,,,,,
ratings,2023-01-21,2023,Scarface,https://boxd.it/2b7g,3.5,,,,,,
diary,2023-01-22,2023,Alien,https://boxd.it/3Kc7jV,3.5,,,,2023-01-22,,
diary,2023-01-22,2023,Before Sunset,https://boxd.it/3KdLE7,3,,,,2023-01-22,,
ratings,2023-01-22,2023,Alien,https://boxd.it/2awY,3.5,,,,,,
ratings,2023-01-22,2023,Before Sunset,https://boxd.it/2bcg,3,,,,,,
diary,2023-01-23,2023,Lucky Number Slevin,https://boxd.it/3KjVTX,3,,,,2023-01-22,,
ratings,2023-01-23,2023,Lucky Number Slevin,https://boxd.it/2aVu,3,,,,,,
diary,2023-01-24,2023,Dead Poets Society,https://boxd.it/3KFHuj,4,,,,2023-01-23,,
ratings,2023-01-24,2023,Dead Poets Society,https://boxd.it/2aSg,4,,,,,,
reviews,2023-01-24,2023,Dead Poets Society,https://boxd.it/3KFHuj,4,,"Want to get a girl?
Say ""Dead poets Honour""

Want to get a bullet
Be in ""Dead Poets Society",,2023-01-23,,
diary,2023-01-26,2023,Goodnight Mommy,https://boxd.it/3Lh5dP,2.5,,,,2023-01-25,,
diary,2023-01-26,2023,Lars and the Real Girl,https://boxd.it/3Lt1qJ,3.5,,,,2023-01-26,,
diary,2023-01-26,2023,Aftersun,https://boxd.it/3Lvw2n,3.5,,,,2023-01-26,,
ratings,2023-01-26,2023,Goodnight Mommy,https://boxd.it/8Niy,2.5,,,,,,
ratings,2023-01-26,2023,Lars and the Real Girl,https://boxd.it/21tG,3.5,,,,,,
reviews,2023-01-26,2023,Lars and the Real Girl,https://boxd.it/3Lt1qJ,3.5,,Lars with his doll where the purpose of using that doll is not done except that last kiss...,,2023-01-26,,
reviews,2023-01-26,2023,Aftersun,https://boxd.it/3Lvw2n,3.5,,The little mind camera....NICE !!!,,2023-01-26,,
diary,2023-01-27,2023,Blow Out,https://boxd.it/3LA6fb,4,,,,2023-01-26,,
ratings,2023-01-27,2023,Blow Out,https://boxd.it/1TlE,4,,,,,,
reviews,2023-01-27,2023,Blow Out,https://boxd.it/3LA6fb,4,,"<i>It is a scream...
It is a scream...
</i><i>It is a scream...
</i>",,2023-01-26,,
diary,2023-01-28,2023,Moon,https://boxd.it/3LS0xp,3.5,,,,2023-01-27,,
diary,2023-01-28,2023,The Tribe,https://boxd.it/3M6MOB,3.5,,,,2023-01-28,,
ratings,2023-01-28,2023,Moon,https://boxd.it/1IGQ,3.5,,,,,,
ratings,2023-01-28,2023,The Tribe,https://boxd.it/8aqe,3.5,,,,,,
reviews,2023-01-28,2023,Moon,https://boxd.it/3LS0xp,3.5,,Hmmm.... different kind of sci fi film .. loved it,,2023-01-27,,
reviews,2023-01-28,2023,The Tribe,https://boxd.it/3M6MOB,3.5,,"This film is in sign language
There are no translations, no subtitles, no voice over...
Yet a SOUND film...",,2023-01-28,,
diary,2023-01-29,2023,Jaya Jaya Jaya Jaya Hey,https://boxd.it/3M7Sq3,3,,,,2023-01-28,,
diary,2023-01-29,2023,Ex Machina,https://boxd.it/3McxMd,4,,,,2023-01-28,,
ratings,2023-01-29,2023,Jaya Jaya Jaya Jaya Hey,https://boxd.it/z60K,3,,,,,,
ratings,2023-01-29,2023,Ex Machina,https://boxd.it/7T2k,4,,,,,,
reviews,2023-01-29,2023,Ex Machina,https://boxd.it/3McxMd,4,,"...
The use of pornography history....hats off Nathan
...
And Ava, a great witch",,2023-01-28,,
diary,2023-01-30,2023,Spencer,https://boxd.it/3Mw9wF,3.5,,,,2023-01-29,,
ratings,2023-01-30,2023,Spencer,https://boxd.it/qPMG,3.5,,,,,,
reviews,2023-01-30,2023,Spencer,https://boxd.it/3Mw9wF,3.5,,"| Beauty is useless
| Beauty is clothing

SPENCER",,2023-01-29,,
diary,2023-01-31,2023,Contempt,https://boxd.it/3MUWND,3.5,,,,2023-01-30,,
ratings,2023-01-31,2023,Contempt,https://boxd.it/2aJe,3.5,,,,,,
reviews,2023-01-31,2023,Contempt,https://boxd.it/3MUWND,3.5,,"""Why don't you love me anymore?""
""That's life...""

❤️",,2023-01-30,,
diary,2023-02-04,2023,Thunivu,https://boxd.it/3O2uPB,3,,,,2023-02-04,,
ratings,2023-02-04,2023,Thunivu,https://boxd.it/y85g,3,,,,,,
diary,2023-02-05,2023,Palm Springs,https://boxd.it/3OCnin,3.5,,,,2023-02-05,,
ratings,2023-02-05,2023,Palm Springs,https://boxd.it/lCXQ,3.5,,,,,,
reviews,2023-02-05,2023,Palm Springs,https://boxd.it/3OCnin,3.5,,"Yesterday is today
Today is today
And
Tomorrow is today


Wish I am in that damn black box...",,2023-02-05,,
diary,2023-02-06,2023,Submarine,https://boxd.it/3OE9Yt,3.5,,,,2023-02-05,,
diary,2023-02-06,2023,Your Name.,https://boxd.it/3OJuGl,4,,,,2023-02-05,,
ratings,2023-02-06,2023,Submarine,https://boxd.it/H4a,3.5,,,,,,
ratings,2023-02-06,2023,Your Name.,https://boxd.it/cUqs,4,,,,,,
reviews,2023-02-06,2023,Submarine,https://boxd.it/3OE9Yt,3.5,,"I'm basically kind of person who want to isolate myself and get other people's attention too....

So, this movie will be in my ""literally me"" list",,2023-02-05,,
reviews,2023-02-06,2023,Your Name.,https://boxd.it/3OJuGl,4,,I must own that braided cord...,,2023-02-05,,
diary,2023-02-11,2023,Eraserhead,https://boxd.it/3Q3Tev,4,,,,2023-02-10,,
ratings,2023-02-11,2023,Eraserhead,https://boxd.it/299u,4,,,,,,
reviews,2023-02-11,2023,Eraserhead,https://boxd.it/3Q3Tev,4,,Just wow,,2023-02-10,,
diary,2023-02-12,2023,The Virgin Suicides,https://boxd.it/3QkGNh,3.5,,,,2023-02-11,,
ratings,2023-02-12,2023,The Virgin Suicides,https://boxd.it/28JG,3.5,,,,,,
diary,2023-02-13,2023,The Hand of God,https://boxd.it/3QBWcb,3.5,,,,2023-02-12,,
ratings,2023-02-13,2023,The Hand of God,https://boxd.it/r5uI,3.5,,,,,,
diary,2023-02-19,2023,Dada,https://boxd.it/3Sdgrt,3,,,,2023-02-18,,
ratings,2023-02-19,2023,Dada,https://boxd.it/AtFy,3,,,,,,
diary,2023-02-20,2023,Dog Day Afternoon,https://boxd.it/3SvTHr,4,,,,2023-02-19,,
ratings,2023-02-20,2023,Dog Day Afternoon,https://boxd.it/29bg,4,,,,,,
reviews,2023-02-20,2023,Dog Day Afternoon,https://boxd.it/3SvTHr,4,,One of the best heist movie...,,2023-02-19,,
diary,2023-02-25,2023,Women Talking,https://boxd.it/3TYmW1,4,,,,2023-02-24,,
ratings,2023-02-25,2023,Women Talking,https://boxd.it/tdq4,4,,,,,,
reviews,2023-02-25,2023,Women Talking,https://boxd.it/3TYmW1,4,,"A good watch....
Women talking and I'm listening...",,2023-02-24,,
diary,2023-02-26,2023,Notting Hill,https://boxd.it/3UuXwt,3.5,,,,2023-02-26,,
diary,2023-02-26,2023,Shaun of the Dead,https://boxd.it/3UuYOD,4,,,,2023-02-26,,
ratings,2023-02-26,2023,Notting Hill,https://boxd.it/2aeK,3.5,,,,,,
ratings,2023-02-26,2023,Shaun of the Dead,https://boxd.it/29J8,4,,,,,,
reviews,2023-02-26,2023,Shaun of the Dead,https://boxd.it/3UuYOD,4,,"It's a great ""Z"" movie....",,2023-02-26,,
diary,2023-02-27,2023,A History of Violence,https://boxd.it/3UBKy1,3.5,,,,2023-02-26,,
ratings,2023-02-27,2023,A History of Violence,https://boxd.it/2bfa,3.5,,,,,,
reviews,2023-02-27,2023,A History of Violence,https://boxd.it/3UBKy1,3.5,,"Jesus, Joey
Jesus, Richie",,2023-02-26,,
diary,2023-03-04,2023,Cha Cha Real Smooth,https://boxd.it/3W4wXX,3,,,,2023-03-04,,
ratings,2023-03-04,2023,Cha Cha Real Smooth,https://boxd.it/uF8E,3,,,,,,
reviews,2023-03-04,2023,Cha Cha Real Smooth,https://boxd.it/3W4wXX,3,,Dakota's voice and stare are the only damn thing in this movie,,2023-03-04,,
diary,2023-03-05,2023,Hot Fuzz,https://boxd.it/3W8eXD,4,,,,2023-03-04,,
diary,2023-03-05,2023,Vinnaithaandi Varuvaayaa,https://boxd.it/3WoADR,4,Yes,,,2023-03-05,,
ratings,2023-03-05,2023,Hot Fuzz,https://boxd.it/2416,4,,,,,,
ratings,2023-03-05,2023,Vinnaithaandi Varuvaayaa,https://boxd.it/1796,4,,,,,,
reviews,2023-03-05,2023,Hot Fuzz,https://boxd.it/3W8eXD,4,,"God, Sanford is god damn village....",,2023-03-04,,
reviews,2023-03-05,2023,Vinnaithaandi Varuvaayaa,https://boxd.it/3WoADR,4,Yes,<blockquote><i>Enakku antha pain pudichurukku..</i></blockquote>Jessie.... Jessie.... Jessie....,,2023-03-05,,
diary,2023-03-16,2023,Five Feet Apart,https://boxd.it/3ZhivN,3,,,,2023-03-15,,
ratings,2023-03-16,2023,Five Feet Apart,https://boxd.it/jaAK,3,,,,,,
reviews,2023-03-16,2023,Five Feet Apart,https://boxd.it/3ZhivN,3,,The tradition continues.... A beutiful girl in a shitty movie....,,2023-03-15,,
diary,2023-03-18,2023,Signs,https://boxd.it/3ZWBHl,3.5,,,,2023-03-18,,
ratings,2023-03-18,2023,Signs,https://boxd.it/26t2,3.5,,,,,,
reviews,2023-03-18,2023,Signs,https://boxd.it/3ZWBHl,3.5,,"Those ""signs"" with music really haunts.....",,2023-03-18,,
diary,2023-03-19,2023,21 Grams,https://boxd.it/402Q7p,4,,,,2023-03-18,,
diary,2023-03-19,2023,Blue Jean,https://boxd.it/40fJw9,3.5,,,,2023-03-19,,
ratings,2023-03-19,2023,21 Grams,https://boxd.it/2ajK,4,,,,,,
ratings,2023-03-19,2023,Blue Jean,https://boxd.it/AHhg,3.5,,,,,,
reviews,2023-03-19,2023,21 Grams,https://boxd.it/402Q7p,4,,Inarritu and hyper loop movies are just damn...,,2023-03-18,,
reviews,2023-03-19,2023,Blue Jean,https://boxd.it/40fJw9,3.5,,This movie really put myself into the shoes of JEAN and other humans for around 97 mins.,,2023-03-19,,
diary,2023-03-20,2023,Booksmart,https://boxd.it/40lQTB,3,,,,2023-03-19,,
ratings,2023-03-20,2023,Booksmart,https://boxd.it/igNS,3,,,,,,
reviews,2023-03-20,2023,Booksmart,https://boxd.it/40lQTB,3,,Hmm ... There's is a little thing in this lesbian movie that all I wanted....,,2023-03-19,,
diary,2023-03-27,2023,John Wick,https://boxd.it/42dFtT,3.5,,,,2023-03-26,,
diary,2023-03-27,2023,Speak,https://boxd.it/42faAj,3.5,,,,2023-03-26,,
ratings,2023-03-27,2023,John Wick,https://boxd.it/7dEc,3.5,,,,,,
ratings,2023-03-27,2023,Speak,https://boxd.it/1MTO,3.5,,,,,,
reviews,2023-03-27,2023,John Wick,https://boxd.it/42dFtT,3.5,,<blockquote>Uh....oh</blockquote>That accent is nice though...,,2023-03-26,,
reviews,2023-03-27,2023,Speak,https://boxd.it/42faAj,3.5,,And hell yeah.... She SPOKE a way better...,,2023-03-26,,
diary,2023-03-29,2023,John Wick: Chapter 2,https://boxd.it/42M5vf,3,,,,2023-03-28,,
ratings,2023-03-29,2023,John Wick: Chapter 2,https://boxd.it/ayGu,3,,,,,,
reviews,2023-03-29,2023,John Wick: Chapter 2,https://boxd.it/42M5vf,3,,God....he is literally having orgasm while using those pistols....,,2023-03-28,,
diary,2023-03-30,2023,John Wick: Chapter 3 – Parabellum,https://boxd.it/4310iv,3,,,,2023-03-29,,
ratings,2023-03-30,2023,John Wick: Chapter 3 – Parabellum,https://boxd.it/gmFw,3,,,,,,
reviews,2023-03-30,2023,John Wick: Chapter 3 – Parabellum,https://boxd.it/4310iv,3,,Oooops... Sophia's dogs are well trained.... and the stunt choreographer... Great work,,2023-03-29,,
diary,2023-03-31,2023,Contagion,https://boxd.it/43eBdN,3.5,,,,2023-03-30,,
ratings,2023-03-31,2023,Contagion,https://boxd.it/13rq,3.5,,,,,,
reviews,2023-03-31,2023,Contagion,https://boxd.it/43eBdN,3.5,,"Lol, a documentary was taken before it exists (12 years)..",,2023-03-30,,
diary,2023-04-02,2023,Pichaikkaran,https://boxd.it/43KWkT,3,,,,2023-04-01,,
diary,2023-04-02,2023,The Reader,https://boxd.it/43MxWR,3.5,,,,2023-04-02,,
diary,2023-04-02,2023,Once,https://boxd.it/43NJIf,3.5,,,,2023-04-02,,
diary,2023-04-02,2023,Wild,https://boxd.it/43Pfg5,3,,,,2023-04-02,,
diary,2023-04-02,2023,Shershaah,https://boxd.it/43ZEI9,3,,,,2023-04-02,,
diary,2023-04-02,2023,When Harry Met Sally...,https://boxd.it/440z3n,3.5,,,,2023-04-02,,
ratings,2023-04-02,2023,Pichaikkaran,https://boxd.it/dkw2,3,,,,,,
ratings,2023-04-02,2023,The Reader,https://boxd.it/20Dq,3.5,,,,,,
ratings,2023-04-02,2023,Once,https://boxd.it/22GG,3.5,,,,,,
ratings,2023-04-02,2023,Wild,https://boxd.it/6KQo,3,,,,,,
ratings,2023-04-02,2023,Shershaah,https://boxd.it/m860,3,,,,,,
ratings,2023-04-02,2023,When Harry Met Sally...,https://boxd.it/29W2,3.5,,,,,,
reviews,2023-04-02,2023,Pichaikkaran,https://boxd.it/43KWkT,3,,A good commercial film,,2023-04-01,,
reviews,2023-04-02,2023,The Reader,https://boxd.it/43MxWR,3.5,,<blockquote>Only one thing can make us so complete. And that thing is love</blockquote>Nice..,,2023-04-02,,
reviews,2023-04-02,2023,Once,https://boxd.it/43NJIf,3.5,,John Carney and his musical genre is one of the nicest....,,2023-04-02,,
reviews,2023-04-02,2023,Wild,https://boxd.it/43Pfg5,3,,<blockquote>How wild it was ... To let it be</blockquote>,,2023-04-02,,
reviews,2023-04-02,2023,When Harry Met Sally...,https://boxd.it/440z3n,3.5,,"80s and 90s romcoms are one of the finest...
God, Sally's curly hair....notable one....",,2023-04-02,,
diary,2023-04-05,2023,First Reformed,https://boxd.it/44EbIh,4,,,,2023-04-04,,
ratings,2023-04-05,2023,First Reformed,https://boxd.it/go9C,4,,,,,,
reviews,2023-04-05,2023,First Reformed,https://boxd.it/44EbIh,4,,Ethan's finest...,,2023-04-04,,
diary,2023-04-08,2023,The Road,https://boxd.it/45qasN,3.5,,,,2023-04-07,,
diary,2023-04-08,2023,"Love, Rosie",https://boxd.it/45sT3x,3.5,,,,2023-04-07,,
diary,2023-04-08,2023,Tetris,https://boxd.it/45uEAv,3.5,,,,2023-04-08,,
diary,2023-04-08,2023,Gangubai Kathiawadi,https://boxd.it/45G7kj,3,,,,2023-04-08,,
diary,2023-04-08,2023,Y Tu Mamá También,https://boxd.it/45GQhJ,3.5,,,,2023-04-08,,
ratings,2023-04-08,2023,The Road,https://boxd.it/1CWI,3.5,,,,,,
ratings,2023-04-08,2023,"Love, Rosie",https://boxd.it/62hE,3.5,,,,,,
ratings,2023-04-08,2023,Tetris,https://boxd.it/rePK,3.5,,,,,,
ratings,2023-04-08,2023,Gangubai Kathiawadi,https://boxd.it/oJek,3,,,,,,
ratings,2023-04-08,2023,Y Tu Mamá También,https://boxd.it/28QM,3.5,,,,,,
reviews,2023-04-08,2023,The Road,https://boxd.it/45qasN,3.5,,This dystopian world really haunts...,,2023-04-07,,
reviews,2023-04-08,2023,"Love, Rosie",https://boxd.it/45sT3x,3.5,,"I knew it will end nicely....but nice, some nice writing....",,2023-04-07,,
reviews,2023-04-08,2023,Tetris,https://boxd.it/45uEAv,3.5,,A game of arranging just four boxes have a lot of stories behind...,,2023-04-08,,
reviews,2023-04-08,2023,Gangubai Kathiawadi,https://boxd.it/45G7kj,3,,Three stars only for production design and acting,,2023-04-08,,
reviews,2023-04-08,2023,Y Tu Mamá También,https://boxd.it/45GQhJ,3.5,,"Yeah, this movie did some teaching",,2023-04-08,,
diary,2023-04-09,2023,Snowpiercer,https://boxd.it/461jpx,3.5,,,,2023-04-09,,
ratings,2023-04-09,2023,Snowpiercer,https://boxd.it/3Icg,3.5,,,,,,
reviews,2023-04-09,2023,Snowpiercer,https://boxd.it/461jpx,3.5,,Bong Joon ho of his different genre is always great,,2023-04-09,,
diary,2023-04-10,2023,Rockstar,https://boxd.it/465uv5,3.5,,,,2023-04-09,,
ratings,2023-04-10,2023,Rockstar,https://boxd.it/2Lvo,3.5,,,,,,
diary,2023-04-12,2023,John Wick: Chapter 4,https://boxd.it/46LPgp,3.5,,,,2023-04-11,,
ratings,2023-04-12,2023,John Wick: Chapter 4,https://boxd.it/mh48,3.5,,,,,,
reviews,2023-04-12,2023,John Wick: Chapter 4,https://boxd.it/46LPgp,3.5,,One of the best actions I have witnessed,,2023-04-11,,
diary,2023-04-13,2023,The Nice Guys,https://boxd.it/470hO3,3.5,,,,2023-04-12,,
ratings,2023-04-13,2023,The Nice Guys,https://boxd.it/94Hg,3.5,,,,,,
reviews,2023-04-13,2023,The Nice Guys,https://boxd.it/470hO3,3.5,,Ryan and Russell in a comedy genre is different but good...,,2023-04-12,,
diary,2023-04-16,2023,Udaan,https://boxd.it/47H2UL,4,,,,2023-04-15,,
ratings,2023-04-16,2023,Udaan,https://boxd.it/PPe,4,,,,,,
reviews,2023-04-16,2023,Udaan,https://boxd.it/47H2UL,4,,A story of free bird caught in a home like cage and wants to fly again freely,,2023-04-15,,
diary,2023-04-17,2023,Vada Chennai,https://boxd.it/480TsN,4,Yes,,,2023-04-16,,
diary,2023-04-17,2023,Delhi Belly,https://boxd.it/4852sF,3.5,,,,2023-04-16,,
ratings,2023-04-17,2023,Vada Chennai,https://boxd.it/esfK,4,,,,,,
ratings,2023-04-17,2023,Delhi Belly,https://boxd.it/2gEk,3.5,,,,,,
reviews,2023-04-17,2023,Delhi Belly,https://boxd.it/4852sF,3.5,,Really shit happens,,2023-04-16,,
diary,2023-04-19,2023,Annihilation,https://boxd.it/48AAIz,3.5,,,,2023-04-18,,
diary,2023-04-19,2023,Princess Cyd,https://boxd.it/48BoIJ,3,,,,2023-04-18,,
ratings,2023-04-19,2023,Annihilation,https://boxd.it/9yzm,3.5,,,,,,
ratings,2023-04-19,2023,Princess Cyd,https://boxd.it/gewQ,3,,,,,,
reviews,2023-04-19,2023,Annihilation,https://boxd.it/48AAIz,3.5,,Shimmer really hot by jaw down,,2023-04-18,,
reviews,2023-04-19,2023,Princess Cyd,https://boxd.it/48BoIJ,3,,"""Princess Cyd"" is the movie name but the protagonist is Miranda",,2023-04-18,,
diary,2023-04-22,2023,Blue Valentine,https://boxd.it/49j0EV,3.5,,,,2023-04-22,,
diary,2023-04-22,2023,Suzume,https://boxd.it/49uuc5,3.5,,,,2023-04-22,,
ratings,2023-04-22,2023,Blue Valentine,https://boxd.it/MxG,3.5,,,,,,
ratings,2023-04-22,2023,Suzume,https://boxd.it/yv7Y,3.5,,,,,,
reviews,2023-04-22,2023,Blue Valentine,https://boxd.it/49j0EV,3.5,,The perks of being a multi talented guy,,2023-04-22,,
reviews,2023-04-22,2023,Suzume,https://boxd.it/49uuc5,3.5,,"Suzume ❤️...
The hype maintained in the title card was not maintained ...",,2023-04-22,,
diary,2023-04-25,2023,Badlands,https://boxd.it/4a9ENH,3.5,,,,2023-04-24,,
ratings,2023-04-25,2023,Badlands,https://boxd.it/25Fm,3.5,,,,,,
reviews,2023-04-25,2023,Badlands,https://boxd.it/4a9ENH,3.5,,I like the mood this movie sets off... showing the countryside and the killing streaks...,,2023-04-24,,
diary,2023-04-29,2023,Ponniyin Selvan: Part II,https://boxd.it/4b8851,3,,,,2023-04-28,,
ratings,2023-04-29,2023,Ponniyin Selvan: Part II,https://boxd.it/wpuS,3,,,,,,
reviews,2023-04-29,2023,Ponniyin Selvan: Part II,https://boxd.it/4b8851,3,,"These stars are only for mani ratnam, ar Rahman and Ravi varma",,2023-04-28,,
diary,2023-05-06,2023,Wind River,https://boxd.it/4diXsX,3.5,,,,2023-05-06,,
diary,2023-05-06,2023,13 Going on 30,https://boxd.it/4djGXh,3.5,,,,2023-05-06,,
ratings,2023-05-06,2023,Wind River,https://boxd.it/dR3i,3.5,,,,,,
ratings,2023-05-06,2023,13 Going on 30,https://boxd.it/1X6e,3.5,,,,,,
reviews,2023-05-06,2023,Wind River,https://boxd.it/4diXsX,3.5,,An amateur FBI woman befriends with the local hunter to digs out the truth in a place of snow and silence.,,2023-05-06,,
reviews,2023-05-06,2023,13 Going on 30,https://boxd.it/4djGXh,3.5,,I kind of like this fantasy thing...,,2023-05-06,,
diary,2023-05-13,2023,But I'm a Cheerleader,https://boxd.it/4f1Vvz,3.5,,,,2023-05-13,,
ratings,2023-05-13,2023,But I'm a Cheerleader,https://boxd.it/1CW4,3.5,,,,,,
reviews,2023-05-13,2023,But I'm a Cheerleader,https://boxd.it/4f1Vvz,3.5,,I think it's lucky to be a cheerleader,,2023-05-13,,
diary,2023-05-14,2023,Charlie,https://boxd.it/4fiC6f,3.5,Yes,,,2023-05-14,,
ratings,2023-05-14,2023,Charlie,https://boxd.it/cV5q,3.5,,,,,,
reviews,2023-05-14,2023,Charlie,https://boxd.it/4fiC6f,3.5,Yes,Expect the unexpected,,2023-05-14,,
diary,2023-05-16,2023,The Perks of Being a Wallflower,https://boxd.it/4fCyAb,3.5,,,,2023-05-15,,
ratings,2023-05-16,2023,The Perks of Being a Wallflower,https://boxd.it/2ZA8,3.5,,,,,,
reviews,2023-05-16,2023,The Perks of Being a Wallflower,https://boxd.it/4fCyAb,3.5,,<blockquote>We accept the love we think we deserve </blockquote>,,2023-05-15,,
diary,2023-05-21,2023,5 Centimeters per Second,https://boxd.it/4gXQC1,3.5,,,,2023-05-21,,
ratings,2023-05-21,2023,5 Centimeters per Second,https://boxd.it/16G4,3.5,,,,,,
reviews,2023-05-21,2023,5 Centimeters per Second,https://boxd.it/4gXQC1,3.5,,Short stories where the distance hurts,,2023-05-21,,
diary,2023-05-23,2023,Modern Love Chennai,https://boxd.it/4hmeb7,4,,,,2023-05-22,,
ratings,2023-05-23,2023,Modern Love Chennai,https://boxd.it/GJ2k,4,,,,,,
reviews,2023-05-23,2023,Modern Love Chennai,https://boxd.it/4hmeb7,4,,"TK's touch, Raja's score, Actors acting lift it up",,2023-05-22,,
diary,2023-05-25,2023,Mean Girls,https://boxd.it/4hOcnh,3,,,,2023-05-24,,
ratings,2023-05-25,2023,Mean Girls,https://boxd.it/1VNg,3,,,,,,
reviews,2023-05-25,2023,Mean Girls,https://boxd.it/4hOcnh,3,,Hmm...that's not so grool,,2023-05-24,,
diary,2023-05-26,2023,Little Miss Sunshine,https://boxd.it/4i1KLD,3.5,,,,2023-05-25,,
ratings,2023-05-26,2023,Little Miss Sunshine,https://boxd.it/29EW,3.5,,,,,,
reviews,2023-05-26,2023,Little Miss Sunshine,https://boxd.it/4i1KLD,3.5,,She's miss sunshine.... literally,,2023-05-25,,
diary,2023-05-28,2023,Melancholia,https://boxd.it/4isS0f,4,,,,2023-05-27,,
diary,2023-05-28,2023,Irreversible,https://boxd.it/4iub5Z,4,,,,2023-05-27,,
ratings,2023-05-28,2023,Melancholia,https://boxd.it/bPI,4,,,,,,
ratings,2023-05-28,2023,Irreversible,https://boxd.it/29as,4,,,,,,
reviews,2023-05-28,2023,Melancholia,https://boxd.it/4isS0f,4,,"If you consider this movie as fantasy, it is fantasy....if you consider as sci fi, it is sci fi... If you consider as tragedy, it is tragedy...
It really causes melancholia",,2023-05-27,,
reviews,2023-05-28,2023,Irreversible,https://boxd.it/4iub5Z,4,,"Yup
<blockquote>Time destroys all the things </blockquote>Gasper Noé whirls my neck and thoughts",,2023-05-27,,
diary,2023-05-31,2023,Your Name.,https://boxd.it/4jhxPj,4,Yes,,,2023-05-30,,
reviews,2023-05-31,2023,Your Name.,https://boxd.it/4jhxPj,4,Yes,"One of my checklist is ticked..
Favourite Anime in big screen...",,2023-05-30,,
diary,2023-06-04,2023,Normal People,https://boxd.it/4ki5hf,4,,,,2023-06-03,,
diary,2023-06-04,2023,Spider-Man: Into the Spider-Verse,https://boxd.it/4ki6sN,3.5,Yes,,,2023-06-03,,
ratings,2023-06-04,2023,Normal People,https://boxd.it/q2VY,4,,,,,,
reviews,2023-06-04,2023,Normal People,https://boxd.it/4ki5hf,4,,"Although Connell and Marianne characters are beautifully casted, Lorraine's character is great ...
A lot to be taken from this mini series",,2023-06-03,,
reviews,2023-06-04,2023,Spider-Man: Into the Spider-Verse,https://boxd.it/4ki6sN,3.5,Yes,Just a re-watch... But considered as a good from sony,,2023-06-03,,
diary,2023-06-05,2023,The Body,https://boxd.it/4kPMsB,3.5,,,,2023-06-04,,
ratings,2023-06-05,2023,The Body,https://boxd.it/3Jsa,3.5,,,,,,
reviews,2023-06-05,2023,The Body,https://boxd.it/4kPMsB,3.5,,"One of the oriol paulo's finest, especially the ending",,2023-06-04,,
diary,2023-06-06,2023,Wild Tales,https://boxd.it/4kWu7T,4,,,,2023-06-05,,
ratings,2023-06-06,2023,Wild Tales,https://boxd.it/7UmK,4,,,,,,
reviews,2023-06-06,2023,Wild Tales,https://boxd.it/4kWu7T,4,,This is actually wild at some times,,2023-06-05,,
diary,2023-06-07,2023,Trainspotting,https://boxd.it/4ldeOV,4,,,,2023-06-06,,
ratings,2023-06-07,2023,Trainspotting,https://boxd.it/29XY,4,,,,,,
reviews,2023-06-07,2023,Trainspotting,https://boxd.it/4ldeOV,4,,Had a pinch of drug through this film,,2023-06-06,,
diary,2023-06-11,2023,The Game,https://boxd.it/4mfhn7,3.5,,,,2023-06-10,,
diary,2023-06-11,2023,"The Gangster, the Cop, the Devil",https://boxd.it/4mtdlz,3,,,,2023-06-11,,
ratings,2023-06-11,2023,The Game,https://boxd.it/26vC,3.5,,,,,,
ratings,2023-06-11,2023,"The Gangster, the Cop, the Devil",https://boxd.it/lnuk,3,,,,,,
reviews,2023-06-11,2023,The Game,https://boxd.it/4mfhn7,3.5,,We are in this game... really,,2023-06-10,,
reviews,2023-06-11,2023,"The Gangster, the Cop, the Devil",https://boxd.it/4mtdlz,3,,Just a textbook crime story,,2023-06-11,,
diary,2023-06-13,2023,Predestination,https://boxd.it/4mRJpr,3.5,,,,2023-06-12,,
ratings,2023-06-13,2023,Predestination,https://boxd.it/6bJM,3.5,,,,,,
reviews,2023-06-13,2023,Predestination,https://boxd.it/4mRJpr,3.5,,This predestination paradox is good,,2023-06-12,,
diary,2023-06-15,2023,Frances Ha,https://boxd.it/4nrESZ,3.5,,,,2023-06-15,,
ratings,2023-06-15,2023,Frances Ha,https://boxd.it/41Xg,3.5,,,,,,
reviews,2023-06-15,2023,Frances Ha,https://boxd.it/4nrESZ,3.5,,Frances: Undoubtable,,2023-06-15,,
diary,2023-06-20,2023,Manchester by the Sea,https://boxd.it/4oMZXn,4,,,,2023-06-19,,
ratings,2023-06-20,2023,Manchester by the Sea,https://boxd.it/b2L0,4,,,,,,
reviews,2023-06-20,2023,Manchester by the Sea,https://boxd.it/4oMZXn,4,,A man with emotional pains,,2023-06-19,,
diary,2023-06-21,2023,Nebraska,https://boxd.it/4p4eJf,4,,,,2023-06-20,,
ratings,2023-06-21,2023,Nebraska,https://boxd.it/4exq,4,,,,,,
reviews,2023-06-21,2023,Nebraska,https://boxd.it/4p4eJf,4,,"<blockquote>What's it like being a millionaire, Woody?

It's okay</blockquote>Wow",,2023-06-20,,
diary,2023-06-22,2023,After Yang,https://boxd.it/4plVdl,3.5,,,,2023-06-21,,
ratings,2023-06-22,2023,After Yang,https://boxd.it/lx5a,3.5,,,,,,
reviews,2023-06-22,2023,After Yang,https://boxd.it/4plVdl,3.5,,Wish the Chinese tea story is not forgettable,,2023-06-21,,
diary,2023-06-24,2023,Por Thozhil,https://boxd.it/4q3MTv,3.5,,,,2023-06-24,,
ratings,2023-06-24,2023,Por Thozhil,https://boxd.it/GbJE,3.5,,,,,,
reviews,2023-06-24,2023,Por Thozhil,https://boxd.it/4q3MTv,3.5,,A so called thriller which is not a lullaby,,2023-06-24,,
diary,2023-06-25,2023,All Quiet on the Western Front,https://boxd.it/4qmqWP,4,,,,2023-06-25,,
ratings,2023-06-25,2023,All Quiet on the Western Front,https://boxd.it/H08,4,,,,,,
reviews,2023-06-25,2023,All Quiet on the Western Front,https://boxd.it/4qmqWP,4,,Fabulous.... that's it,,2023-06-25,,
diary,2023-06-26,2023,The Thing,https://boxd.it/4qsXc3,4.5,,,,2023-06-25,,
ratings,2023-06-26,2023,The Thing,https://boxd.it/294O,4.5,,,,,,
reviews,2023-06-26,2023,The Thing,https://boxd.it/4qsXc3,4.5,,"Wtf the director cooks here...?
""The thing""...not really
Many things",,2023-06-25,,
diary,2023-06-28,2023,Vettaiyaadu Vilaiyaadu,https://boxd.it/4r1QLl,3.5,,,,2023-06-27,,
ratings,2023-06-28,2023,Vettaiyaadu Vilaiyaadu,https://boxd.it/6mw,3.5,,,,,,
reviews,2023-06-28,2023,Vettaiyaadu Vilaiyaadu,https://boxd.it/4r1QLl,3.5,,Hmm... It's good to see it in theatres,,2023-06-27,,
diary,2023-07-04,2023,Requiem for a Dream,https://boxd.it/4sQnw3,4,,,,2023-07-03,,
ratings,2023-07-04,2023,Requiem for a Dream,https://boxd.it/29VI,4,,,,,,
reviews,2023-07-04,2023,Requiem for a Dream,https://boxd.it/4sQnw3,4,,"Summer, dream
Fall, sucks
Winter, ass to ass",,2023-07-03,,
diary,2023-07-05,2023,Coherence,https://boxd.it/4t9opF,3,,,,2023-07-04,,
ratings,2023-07-05,2023,Coherence,https://boxd.it/6xza,3,,,,,,
reviews,2023-07-05,2023,Coherence,https://boxd.it/4t9opF,3,,Hmm... Now I understand Schrodinger's cat,,2023-07-04,,
diary,2023-07-06,2023,Timecrimes,https://boxd.it/4trO7j,3.5,,,,2023-07-05,,
ratings,2023-07-06,2023,Timecrimes,https://boxd.it/1OGM,3.5,,,,,,
reviews,2023-07-06,2023,Timecrimes,https://boxd.it/4trO7j,3.5,,Now I see the secret of most of time travel films,,2023-07-05,,
diary,2023-07-08,2023,Good Night,https://boxd.it/4uaiG7,3,,,,2023-07-08,,
reviews,2023-07-08,2023,Good Night,https://boxd.it/4uaiG7,3,,Nice,,2023-07-08,,
diary,2023-07-09,2023,The Theory of Everything,https://boxd.it/4ugbAt,3.5,,,,2023-07-08,,
diary,2023-07-09,2023,Design for Living,https://boxd.it/4uv7YV,3.5,,,,2023-07-09,,
ratings,2023-07-09,2023,Good Night,https://boxd.it/FgZA,3,,,,,,
ratings,2023-07-09,2023,The Theory of Everything,https://boxd.it/7YtA,3.5,,,,,,
ratings,2023-07-09,2023,Design for Living,https://boxd.it/2FJE,3.5,,,,,,
reviews,2023-07-09,2023,The Theory of Everything,https://boxd.it/4ugbAt,3.5,,Recommended only for climax soundtrack and their last act,,2023-07-08,,
reviews,2023-07-09,2023,Design for Living,https://boxd.it/4uv7YV,3.5,,Yeah this is gentle men's agreement,,2023-07-09,,
diary,2023-07-10,2023,2018,https://boxd.it/4uxFMN,3.5,,,,2023-07-09,,
ratings,2023-07-10,2023,2018,https://boxd.it/wKhA,3.5,,,,,,
diary,2023-07-11,2023,Battleship,https://boxd.it/4uXpoH,2.5,,,,2023-07-10,,
ratings,2023-07-11,2023,Battleship,https://boxd.it/QZ0,2.5,,,,,,
reviews,2023-07-11,2023,Battleship,https://boxd.it/4uXpoH,2.5,,I just want to memorize this movie name so not to re-watch it,,2023-07-10,,
diary,2023-07-12,2023,Naked,https://boxd.it/4vfgTR,4,,,,2023-07-11,,
ratings,2023-07-12,2023,Naked,https://boxd.it/1BT4,4,,,,,,
reviews,2023-07-12,2023,Naked,https://boxd.it/4vfgTR,4,,He's literally all,,2023-07-11,,
diary,2023-07-13,2023,Happening,https://boxd.it/4vxg7J,4,,,,2023-07-12,,
ratings,2023-07-13,2023,Happening,https://boxd.it/tRts,4,,,,,,
reviews,2023-07-13,2023,Happening,https://boxd.it/4vxg7J,4,,Women have so called guts,,2023-07-12,,
diary,2023-07-14,2023,Kadhalum Kadanthu Pogum,https://boxd.it/4vP9FZ,3.5,,,,2023-07-13,,
ratings,2023-07-14,2023,Kadhalum Kadanthu Pogum,https://boxd.it/dvpw,3.5,,,,,,
diary,2023-07-15,2023,Back to the Future,https://boxd.it/4wkaS3,4,,,,2023-07-15,,
ratings,2023-07-15,2023,Back to the Future,https://boxd.it/2b8e,4,,,,,,
reviews,2023-07-15,2023,Back to the Future,https://boxd.it/4wkaS3,4,,"Just wanna say ""Be on time",,2023-07-15,,
diary,2023-07-16,2023,The Edge of Seventeen,https://boxd.it/4wlz79,3.5,,,,2023-07-15,,
diary,2023-07-16,2023,One Fine Morning,https://boxd.it/4wB6cV,3.5,,,,2023-07-16,,
ratings,2023-07-16,2023,The Edge of Seventeen,https://boxd.it/d5nu,3.5,,,,,,
ratings,2023-07-16,2023,One Fine Morning,https://boxd.it/s4Ta,3.5,,,,,,
reviews,2023-07-16,2023,The Edge of Seventeen,https://boxd.it/4wlz79,3.5,,"The movie have two things to say
...never underestimate bald guys
...don't bring friends to home",,2023-07-15,,
reviews,2023-07-16,2023,One Fine Morning,https://boxd.it/4wB6cV,3.5,,Its hard to be in the shoes of Sandra,,2023-07-16,,
diary,2023-07-18,2023,Interstellar,https://boxd.it/4x8ii3,4,,,,2023-07-18,,
ratings,2023-07-18,2023,Interstellar,https://boxd.it/4VZ8,4,,,,,,
reviews,2023-07-18,2023,Interstellar,https://boxd.it/4x8ii3,4,,"Wholesome:
/ Seeing this in big screen /",,2023-07-18,,
diary,2023-07-20,2023,Dunkirk,https://boxd.it/4xRgD9,3.5,,,,2023-07-19,,
ratings,2023-07-20,2023,Dunkirk,https://boxd.it/d0Y6,3.5,,,,,,
reviews,2023-07-20,2023,Dunkirk,https://boxd.it/4xRgD9,3.5,,That last speech,,2023-07-19,,
diary,2023-07-21,2023,Inception,https://boxd.it/4y27JT,3.5,,,,2023-07-20,,
ratings,2023-07-21,2023,Inception,https://boxd.it/1skk,3.5,,,,,,
reviews,2023-07-21,2023,Inception,https://boxd.it/4y27JT,3.5,,That time,,2023-07-20,,
diary,2023-07-22,2023,Yeh Jawaani Hai Deewani,https://boxd.it/4yHUOb,3,,,,2023-07-22,,
ratings,2023-07-22,2023,Yeh Jawaani Hai Deewani,https://boxd.it/5Cmo,3,,,,,,
reviews,2023-07-22,2023,Yeh Jawaani Hai Deewani,https://boxd.it/4yHUOb,3,,These three stars are only for Pritam,,2023-07-22,,
diary,2023-07-23,2023,About Elly,https://boxd.it/4yRgbj,4,,,,2023-07-22,,
ratings,2023-07-23,2023,About Elly,https://boxd.it/18Ry,4,,,,,,
reviews,2023-07-23,2023,About Elly,https://boxd.it/4yRgbj,4,,"The characters, the sea and the camera lifts",,2023-07-22,,
diary,2023-07-24,2023,Locke,https://boxd.it/4zm7C3,3.5,,,,2023-07-23,,
ratings,2023-07-24,2023,Locke,https://boxd.it/6hHC,3.5,,,,,,
reviews,2023-07-24,2023,Locke,https://boxd.it/4zm7C3,3.5,,Sex education is must especially for Tome Hardy,,2023-07-23,,
diary,2023-07-25,2023,Holy Spider,https://boxd.it/4zPuiX,3.5,,,,2023-07-24,,
ratings,2023-07-25,2023,Holy Spider,https://boxd.it/xBn2,3.5,,,,,,
reviews,2023-07-25,2023,Holy Spider,https://boxd.it/4zPuiX,3.5,,"Misogynist, consider as a gender",,2023-07-24,,
diary,2023-08-05,2023,Witness,https://boxd.it/4DVYzH,3.5,,,,2023-08-04,,
ratings,2023-08-05,2023,Witness,https://boxd.it/1Z4O,3.5,,,,,,
reviews,2023-08-05,2023,Witness,https://boxd.it/4DVYzH,3.5,,Don't trust English people,,2023-08-04,,
diary,2023-08-07,2023,Never Let Me Go,https://boxd.it/4ECXGN,3.5,,,,2023-08-06,,
ratings,2023-08-07,2023,Never Let Me Go,https://boxd.it/Xw0,3.5,,,,,,
reviews,2023-08-07,2023,Never Let Me Go,https://boxd.it/4ECXGN,3.5,,"Thought it is a school drama at the beginning, but the later explained the title of the film",,2023-08-06,,
diary,2023-08-12,2023,Maaveeran,https://boxd.it/4Gf4Ad,3,,,,2023-08-11,,
ratings,2023-08-12,2023,Maaveeran,https://boxd.it/Bktq,3,,,,,,
diary,2023-08-13,2023,Spider-Man: Across the Spider-Verse,https://boxd.it/4GxKzd,3.5,,,,2023-08-12,,
diary,2023-08-13,2023,Boiling Point,https://boxd.it/4GzsBz,3.5,,,,2023-08-12,,
ratings,2023-08-13,2023,Spider-Man: Across the Spider-Verse,https://boxd.it/kSz4,3.5,,,,,,
ratings,2023-08-13,2023,Boiling Point,https://boxd.it/uo2u,3.5,,,,,,
reviews,2023-08-13,2023,Spider-Man: Across the Spider-Verse,https://boxd.it/4GxKzd,3.5,,Animation is cinema,,2023-08-12,,
reviews,2023-08-13,2023,Boiling Point,https://boxd.it/4GzsBz,3.5,,"Cooking is insane
Be specific: Cooks are insane",,2023-08-12,,
diary,2023-08-14,2023,Prisoners,https://boxd.it/4GV1pF,4,,,,2023-08-13,,
diary,2023-08-14,2023,One Day,https://boxd.it/4HcL8p,3,,,,2023-08-14,,
ratings,2023-08-14,2023,Prisoners,https://boxd.it/4E5i,4,,,,,,
ratings,2023-08-14,2023,One Day,https://boxd.it/Asu,3,,,,,,
reviews,2023-08-14,2023,Prisoners,https://boxd.it/4GV1pF,4,,"We are prisoners in ""Prisoners",,2023-08-13,,
reviews,2023-08-14,2023,One Day,https://boxd.it/4HcL8p,3,,Just for Anne Hathaway,,2023-08-14,,
diary,2023-08-15,2023,Children of Men,https://boxd.it/4HhWoj,4,,,,2023-08-14,,
diary,2023-08-15,2023,Little Women,https://boxd.it/4HwQkF,4,,,,2023-08-15,,
ratings,2023-08-15,2023,Children of Men,https://boxd.it/1Y2i,4,,,,,,
ratings,2023-08-15,2023,Little Women,https://boxd.it/aSVk,4,,,,,,
reviews,2023-08-15,2023,Children of Men,https://boxd.it/4HhWoj,4,,<blockquote>Pull my finger</blockquote>,,2023-08-14,,
reviews,2023-08-15,2023,Little Women,https://boxd.it/4HwQkF,4,,"<blockquote>I care more to be loved</blockquote>Greta in Jo, perhaps",,2023-08-15,,
diary,2023-08-16,2023,Batman Begins,https://boxd.it/4HCduX,3.5,Yes,,,2023-08-15,,
ratings,2023-08-16,2023,Batman Begins,https://boxd.it/2aIg,3.5,,,,,,
reviews,2023-08-16,2023,Batman Begins,https://boxd.it/4HCduX,3.5,Yes,"The scarecrow is intelligent than bruce, really",,2023-08-15,,
diary,2023-08-26,2023,Kaakha Kaakha,https://boxd.it/4KECwl,3,,,,2023-08-25,,
diary,2023-08-26,2023,Jailer,https://boxd.it/4KS8Jd,2.5,,,,2023-08-26,,
ratings,2023-08-26,2023,Kaakha Kaakha,https://boxd.it/aQvk,3,,,,,,
ratings,2023-08-26,2023,Jailer,https://boxd.it/zkA8,2.5,,,,,,
reviews,2023-08-26,2023,Kaakha Kaakha,https://boxd.it/4KECwl,3,,"Pengalaal aan alivaan
               - Moral",,2023-08-25,,
reviews,2023-08-26,2023,Jailer,https://boxd.it/4KS8Jd,2.5,,😒🙄,,2023-08-26,,
diary,2023-08-27,2023,The Dark Knight,https://boxd.it/4KTAUl,4,Yes,,,2023-08-26,,
ratings,2023-08-27,2023,The Dark Knight,https://boxd.it/2b0k,4,,,,,,
reviews,2023-08-27,2023,The Dark Knight,https://boxd.it/4KTAUl,4,Yes,Gotham won,,2023-08-26,,
diary,2023-08-29,2023,Rush,https://boxd.it/4LEmn7,3.5,,,,2023-08-28,,
ratings,2023-08-29,2023,Rush,https://boxd.it/3lyS,3.5,,,,,,
reviews,2023-08-29,2023,Rush,https://boxd.it/4LEmn7,3.5,,Lost but won,,2023-08-28,,
diary,2023-09-14,2023,Barbie,https://boxd.it/4Qi557,3.5,,,,2023-09-13,,
ratings,2023-09-14,2023,Barbie,https://boxd.it/bCLK,3.5,,,,,,
reviews,2023-09-14,2023,Barbie,https://boxd.it/4Qi557,3.5,,Hmm.... Barbie is (not) all girls,,2023-09-13,,
diary,2023-10-02,2023,RDX: Robert Dony Xavier,https://boxd.it/4VLyqL,3,,,,2023-09-28,,
diary,2023-10-02,2023,Cure,https://boxd.it/4VLxF1,4,,,,2023-10-01,,
diary,2023-10-02,2023,Sapta Sagaradaache Ello – Side A,https://boxd.it/4VLxWB,3.5,,,,2023-10-02,,
ratings,2023-10-02,2023,Cure,https://boxd.it/1blA,4,,,,,,
ratings,2023-10-02,2023,Sapta Sagaradaache Ello – Side A,https://boxd.it/IhOY,3.5,,,,,,
ratings,2023-10-02,2023,RDX: Robert Dony Xavier,https://boxd.it/BHtS,3,,,,,,
diary,2023-10-06,2023,Hacksaw Ridge,https://boxd.it/4WYoMd,3.5,,,,2023-10-03,,
ratings,2023-10-06,2023,Hacksaw Ridge,https://boxd.it/azew,3.5,,,,,,
reviews,2023-10-06,2023,Hacksaw Ridge,https://boxd.it/4WYoMd,3.5,,What can I do? Believe in god or not,,2023-10-03,,
diary,2023-10-07,2023,A History of Violence,https://boxd.it/4X5tiV,3.5,Yes,,,2023-10-06,,
diary,2023-10-07,2023,Demolition,https://boxd.it/4XjYs1,3.5,,,,2023-10-07,,
ratings,2023-10-07,2023,Demolition,https://boxd.it/9GuY,3.5,,,,,,
reviews,2023-10-07,2023,Demolition,https://boxd.it/4XjYs1,3.5,,"Metaphor, metaphor, metaphor",,2023-10-07,,
diary,2023-10-08,2023,OMG 2,https://boxd.it/4Xn9mf,3,,,,2023-10-07,,
diary,2023-10-08,2023,Reservoir Dogs,https://boxd.it/4XqtzT,4,,,,2023-10-07,,
ratings,2023-10-08,2023,OMG 2,https://boxd.it/xz6S,3,,,,,,
ratings,2023-10-08,2023,Reservoir Dogs,https://boxd.it/2agc,4,,,,,,
reviews,2023-10-08,2023,Reservoir Dogs,https://boxd.it/4XqtzT,4,,Became the fan of QTs character names,,2023-10-07,,
diary,2023-10-10,2023,"Oslo, August 31st",https://boxd.it/4Ybxax,4,,,,2023-10-09,,
ratings,2023-10-10,2023,"Oslo, August 31st",https://boxd.it/2xQC,4,,,,,,
reviews,2023-10-10,2023,"Oslo, August 31st",https://boxd.it/4Ybxax,4,,I just want to sit idle and observe inside a public cafe,,2023-10-09,,
diary,2023-10-11,2023,The Prestige,https://boxd.it/4Ywsaz,4,,,,2023-10-10,,
ratings,2023-10-11,2023,The Prestige,https://boxd.it/293w,4,,,,,,
reviews,2023-10-11,2023,The Prestige,https://boxd.it/4Ywsaz,4,,"While watching a Nolan film, why are our jaws dropping?",,2023-10-10,,
diary,2023-10-14,2023,Mark Antony,https://boxd.it/4ZB0Fj,2.5,,,,2023-10-14,,
diary,2023-10-14,2023,First Man,https://boxd.it/4ZGikj,3.5,,,,2023-10-14,,
ratings,2023-10-14,2023,Mark Antony,https://boxd.it/yJKA,2.5,,,,,,
ratings,2023-10-14,2023,First Man,https://boxd.it/cPym,3.5,,,,,,
reviews,2023-10-14,2023,First Man,https://boxd.it/4ZGikj,3.5,,Sort of love stories,,2023-10-14,,
diary,2023-10-15,2023,Apocalypse Now,https://boxd.it/4ZJcz9,4,,,,2023-10-14,,
ratings,2023-10-15,2023,Apocalypse Now,https://boxd.it/6ZS,4,,,,,,
reviews,2023-10-15,2023,Apocalypse Now,https://boxd.it/4ZJcz9,4,,A masterpiece,,2023-10-14,,
diary,2023-10-21,2023,Leo,https://boxd.it/51FRrv,3,,,,2023-10-20,,
reviews,2023-10-21,2023,Leo,https://boxd.it/51FRrv,3,,Staircase scene is missing,,2023-10-20,,
ratings,2023-10-23,2023,Leo,https://boxd.it/zOWS,3,,,,,,
diary,2023-10-26,2023,Soodhu Kavvum,https://boxd.it/53vlQh,4,,,,2023-10-26,,
ratings,2023-10-26,2023,Soodhu Kavvum,https://boxd.it/5IRi,4,,,,,,
reviews,2023-10-26,2023,Soodhu Kavvum,https://boxd.it/53vlQh,4,,It's nalan's birthday so I watched his best,,2023-10-26,,
diary,2023-10-28,2023,Pebbles,https://boxd.it/5410qB,4,,,,2023-10-27,,
ratings,2023-10-28,2023,Pebbles,https://boxd.it/tgko,4,,,,,,
reviews,2023-10-28,2023,Pebbles,https://boxd.it/5410qB,4,,"Walking with anger,  Walking with satisfaction,  Walking with sorrow",,2023-10-27,,
diary,2023-10-29,2023,Killers of the Flower Moon,https://boxd.it/54q49J,4,,,,2023-10-29,,
ratings,2023-10-29,2023,Killers of the Flower Moon,https://boxd.it/gHp0,4,,,,,,
reviews,2023-10-29,2023,Killers of the Flower Moon,https://boxd.it/54q49J,4,,Just a deep dive into the mood of Osage tribe,,2023-10-29,,
diary,2023-11-18,2023,Jigarthanda DoubleX,https://boxd.it/5b97up,3.5,,,,2023-11-18,,
ratings,2023-11-18,2023,Jigarthanda DoubleX,https://boxd.it/C4xI,3.5,,,,,,
reviews,2023-11-18,2023,Jigarthanda DoubleX,https://boxd.it/5b97up,3.5,,The OG karthik subbaraj,,2023-11-18,,
diary,2023-12-25,2023,Maattrraan,https://boxd.it/5ojFuv,3,Yes,,,2023-12-24,,
diary,2023-12-25,2023,Ko,https://boxd.it/5ojGdZ,3.5,Yes,,,2023-12-24,,
diary,2023-12-25,2023,Ghilli,https://boxd.it/5ojH95,3.5,Yes,,,2023-12-24,,
ratings,2023-12-25,2023,Maattrraan,https://boxd.it/4tIe,3,,,,,,
ratings,2023-12-25,2023,Ko,https://boxd.it/6p6,3.5,,,,,,
ratings,2023-12-25,2023,Ghilli,https://boxd.it/6qe,3.5,,,,,,
diary,2023-12-28,2023,Strange Days,https://boxd.it/5qf6Lr,3.5,,,,2023-12-28,,
diary,2023-12-28,2023,Chithha,https://boxd.it/5qf7W1,3.5,,,,2023-12-28,,
ratings,2023-12-28,2023,Strange Days,https://boxd.it/2aGO,3.5,,,,,,
ratings,2023-12-28,2023,Chithha,https://boxd.it/GbIc,3.5,,,,,,
reviews,2023-12-28,2023,Strange Days,https://boxd.it/5qf6Lr,3.5,,Waited for atleast 2hrs to see the guys kiss,,2023-12-28,,
reviews,2023-12-28,2023,Chithha,https://boxd.it/5qf7W1,3.5,,Atleast a watchable movie in this year,,2023-12-28,,
diary,2023-12-29,2023,12th Fail,https://boxd.it/5qP0oD,3.5,,,,2023-12-29,,
reviews,2023-12-29,2023,12th Fail,https://boxd.it/5qP0oD,3.5,,"""Restart"" won't work for me",,2023-12-29,,
diary,2024-01-02,2024,Martha Marcy May Marlene,https://boxd.it/5sFQUJ,3.5,,,,2024-01-01,,
ratings,2024-01-02,2024,Martha Marcy May Marlene,https://boxd.it/CJs,3.5,,,,,,
reviews,2024-01-02,2024,Martha Marcy May Marlene,https://boxd.it/5sFQUJ,3.5,,Everything is kind of that CULT group,,2024-01-01,,
ratings,2024-01-04,2024,12th Fail,https://boxd.it/I1sM,3.5,,,,,,
diary,2024-01-06,2024,Harry Potter and the Philosopher's Stone,https://boxd.it/5vh9OR,3.5,,,,2024-01-05,,
diary,2024-01-06,2024,Three of Us,https://boxd.it/5vhf41,3.5,,,,2024-01-05,,
ratings,2024-01-06,2024,Harry Potter and the Philosopher's Stone,https://boxd.it/29QS,3.5,,,,,,
ratings,2024-01-06,2024,Three of Us,https://boxd.it/DQmq,3.5,,,,,,
reviews,2024-01-06,2024,Harry Potter and the Philosopher's Stone,https://boxd.it/5vh9OR,3.5,,I consider Hedwig's theme is the MAGIC,,2024-01-05,,
reviews,2024-01-06,2024,Three of Us,https://boxd.it/5vhf41,3.5,,Their stares,,2024-01-05,,
diary,2024-01-07,2024,Animal,https://boxd.it/5wsKTl,2.5,,,,2024-01-07,,
ratings,2024-01-07,2024,Animal,https://boxd.it/toAu,2.5,,,,,,
reviews,2024-01-07,2024,Animal,https://boxd.it/5wsKTl,2.5,,Bloody bastard,,2024-01-07,,
diary,2024-01-08,2024,Hi Nanna,https://boxd.it/5wEZRt,3,,,,2024-01-07,,
ratings,2024-01-08,2024,Hi Nanna,https://boxd.it/Eqsa,3,,,,,,
reviews,2024-01-08,2024,Hi Nanna,https://boxd.it/5wEZRt,3,,"'Hi' is good, 'Nanna' is ok",,2024-01-07,,
diary,2024-01-11,2024,Harry Potter and the Chamber of Secrets,https://boxd.it/5yBByT,3,,,,2024-01-10,,
ratings,2024-01-11,2024,Harry Potter and the Chamber of Secrets,https://boxd.it/29QI,3,,,,,,
reviews,2024-01-11,2024,Harry Potter and the Chamber of Secrets,https://boxd.it/5yBByT,3,,Atleast hermoine had some tears here,,2024-01-10,,
diary,2024-01-13,2024,Merry Christmas,https://boxd.it/5zM1DT,3.5,,,,2024-01-12,,
ratings,2024-01-13,2024,Merry Christmas,https://boxd.it/xCn8,3.5,,,,,,
reviews,2024-01-13,2024,Merry Christmas,https://boxd.it/5zM1DT,3.5,,A raghavan template,,2024-01-12,,
diary,2024-01-14,2024,Harry Potter and the Prisoner of Azkaban,https://boxd.it/5A3uKj,4,,,,2024-01-13,,
ratings,2024-01-14,2024,Harry Potter and the Prisoner of Azkaban,https://boxd.it/29Qy,4,,,,,,
reviews,2024-01-14,2024,Harry Potter and the Prisoner of Azkaban,https://boxd.it/5A3uKj,4,,"Finally, I had some picture telling wallpapers",,2024-01-13,,
diary,2024-01-15,2024,Harry Potter and the Goblet of Fire,https://boxd.it/5AF8Pn,3.5,,,,2024-01-14,,
diary,2024-01-15,2024,Harry Potter and the Order of the Phoenix,https://boxd.it/5AHFVd,3.5,,,,2024-01-14,,
diary,2024-01-15,2024,Harry Potter and the Half-Blood Prince,https://boxd.it/5BhDQd,3,,,,2024-01-15,,
diary,2024-01-15,2024,Harry Potter and the Deathly Hallows: Part 1,https://boxd.it/5BhF0X,3.5,,,,2024-01-15,,
diary,2024-01-15,2024,Harry Potter and the Deathly Hallows: Part 2,https://boxd.it/5BhFNP,3.5,,,,2024-01-15,,
ratings,2024-01-15,2024,Harry Potter and the Goblet of Fire,https://boxd.it/29Qo,3.5,,,,,,
ratings,2024-01-15,2024,Harry Potter and the Order of the Phoenix,https://boxd.it/29Qe,3.5,,,,,,
ratings,2024-01-15,2024,Harry Potter and the Half-Blood Prince,https://boxd.it/29FU,3,,,,,,
ratings,2024-01-15,2024,Harry Potter and the Deathly Hallows: Part 1,https://boxd.it/1RYu,3.5,,,,,,
ratings,2024-01-15,2024,Harry Potter and the Deathly Hallows: Part 2,https://boxd.it/1RYk,3.5,,,,,,
reviews,2024-01-15,2024,Harry Potter and the Goblet of Fire,https://boxd.it/5AF8Pn,3.5,,"In the world of wizards, I am still Neville",,2024-01-14,,
reviews,2024-01-15,2024,Harry Potter and the Order of the Phoenix,https://boxd.it/5AHFVd,3.5,,Seriously waiting for the combat... still waiting,,2024-01-14,,
reviews,2024-01-15,2024,Harry Potter and the Half-Blood Prince,https://boxd.it/5BhDQd,3,,Nothing serious but Lord of Dark,,2024-01-15,,
reviews,2024-01-15,2024,Harry Potter and the Deathly Hallows: Part 1,https://boxd.it/5BhF0X,3.5,,There it comes... friendships,,2024-01-15,,
reviews,2024-01-15,2024,Harry Potter and the Deathly Hallows: Part 2,https://boxd.it/5BhFNP,3.5,,I'm still Neville after all....,,2024-01-15,,
diary,2024-01-16,2024,Bandit Queen,https://boxd.it/5BmVB1,3.5,,,,2024-01-15,,
ratings,2024-01-16,2024,Bandit Queen,https://boxd.it/1NoC,3.5,,,,,,
reviews,2024-01-16,2024,Bandit Queen,https://boxd.it/5BmVB1,3.5,,"<blockquote>Main hoon phoolan devi, behanchod</blockquote>",,2024-01-15,,
diary,2024-01-20,2024,Joe,https://boxd.it/5DkbY3,2.5,,,,2024-01-19,,
diary,2024-01-20,2024,May December,https://boxd.it/5DmJcr,4,,,,2024-01-20,,
diary,2024-01-20,2024,The Machinist,https://boxd.it/5DEJzL,3.5,,,,2024-01-20,,
diary,2024-01-20,2024,Kho Gaye Hum Kahan,https://boxd.it/5DGiP7,3.5,,,,2024-01-20,,
ratings,2024-01-20,2024,Joe,https://boxd.it/JQDe,2.5,,,,,,
ratings,2024-01-20,2024,May December,https://boxd.it/vEE2,4,,,,,,
ratings,2024-01-20,2024,The Machinist,https://boxd.it/248c,3.5,,,,,,
ratings,2024-01-20,2024,Kho Gaye Hum Kahan,https://boxd.it/x1qa,3.5,,,,,,
reviews,2024-01-20,2024,Joe,https://boxd.it/5DkbY3,2.5,,Love nu vandhutaa yenda psycho aadreenga.,,2024-01-19,,
reviews,2024-01-20,2024,May December,https://boxd.it/5DmJcr,4,,She's too hot to handle,,2024-01-20,,
reviews,2024-01-20,2024,The Machinist,https://boxd.it/5DEJzL,3.5,,Patrick batman with no sleep,,2024-01-20,,
reviews,2024-01-20,2024,Kho Gaye Hum Kahan,https://boxd.it/5DGiP7,3.5,,Was it relatable?,,2024-01-20,,
diary,2024-01-21,2024,Monster,https://boxd.it/5DLsbB,3.5,,,,2024-01-20,,
diary,2024-01-21,2024,Joyland,https://boxd.it/5DRxOF,4,,,,2024-01-21,,
diary,2024-01-21,2024,Society of the Snow,https://boxd.it/5Ef5rL,4,,,,2024-01-21,,
diary,2024-01-21,2024,10 Things I Hate About You,https://boxd.it/5Ei6UF,3.5,,,,2024-01-21,,
ratings,2024-01-21,2024,Monster,https://boxd.it/DJEM,3.5,,,,,,
ratings,2024-01-21,2024,Joyland,https://boxd.it/AlzM,4,,,,,,
ratings,2024-01-21,2024,Society of the Snow,https://boxd.it/y9aw,4,,,,,,
ratings,2024-01-21,2024,10 Things I Hate About You,https://boxd.it/23AO,3.5,,,,,,
reviews,2024-01-21,2024,Monster,https://boxd.it/5DLsbB,3.5,,That last good soundtrack,,2024-01-20,,
reviews,2024-01-21,2024,Joyland,https://boxd.it/5DRxOF,4,,"<blockquote>Whatever I'm doing, I'm doing for myself </blockquote>",,2024-01-21,,
reviews,2024-01-21,2024,Society of the Snow,https://boxd.it/5Ef5rL,4,,ALIVE !,,2024-01-21,,
reviews,2024-01-21,2024,10 Things I Hate About You,https://boxd.it/5Ei6UF,3.5,,Even Kat falls for Joker's smile,,2024-01-21,,
diary,2024-01-27,2024,Wake Up Sid,https://boxd.it/5H8qzT,3,,,,2024-01-26,,
diary,2024-01-27,2024,Zindagi Na Milegi Dobara,https://boxd.it/5H8onh,3.5,,,,2024-01-27,,
diary,2024-01-27,2024,Bones and All,https://boxd.it/5H8pSv,3.5,,,,2024-01-27,,
ratings,2024-01-27,2024,Zindagi Na Milegi Dobara,https://boxd.it/efo,3.5,,,,,,
ratings,2024-01-27,2024,Bones and All,https://boxd.it/tLd4,3.5,,,,,,
ratings,2024-01-27,2024,Wake Up Sid,https://boxd.it/1C8e,3,,,,,,
reviews,2024-01-27,2024,Bones and All,https://boxd.it/5H8pSv,3.5,,"Seriously,  it's all bones",,2024-01-27,,
reviews,2024-01-27,2024,Wake Up Sid,https://boxd.it/5H8qzT,3,,Cool t-shirts,,2024-01-26,,
diary,2024-01-28,2024,Past Lives,https://boxd.it/5HmAT3,4,,,,2024-01-28,,
ratings,2024-01-28,2024,Past Lives,https://boxd.it/oNB8,4,,,,,,
reviews,2024-01-28,2024,Past Lives,https://boxd.it/5HmAT3,4,,Leaving is hard,,2024-01-28,,
diary,2024-01-29,2024,42,https://boxd.it/5IbW8b,3.5,,,,2024-01-28,,
ratings,2024-01-29,2024,42,https://boxd.it/3GBo,3.5,,,,,,
reviews,2024-01-29,2024,42,https://boxd.it/5IbW8b,3.5,,Chadwick for a community is a genre,,2024-01-28,,
diary,2024-02-06,2024,Vadakkupatti Ramasamy,https://boxd.it/5M3kBT,2.5,,,,2024-02-04,,
ratings,2024-02-06,2024,Vadakkupatti Ramasamy,https://boxd.it/GcW0,2.5,,,,,,
reviews,2024-02-06,2024,Vadakkupatti Ramasamy,https://boxd.it/5M3kBT,2.5,,Some laughs,,2024-02-04,,
diary,2024-02-10,2024,Grave of the Fireflies,https://boxd.it/5NGu5F,4,,,,2024-02-10,,
ratings,2024-02-10,2024,Grave of the Fireflies,https://boxd.it/1RUM,4,,,,,,
reviews,2024-02-10,2024,Grave of the Fireflies,https://boxd.it/5NGu5F,4,,It's sad,,2024-02-10,,
diary,2024-02-13,2024,Lover,https://boxd.it/5P4fDp,3.5,,,,2024-02-13,,
ratings,2024-02-13,2024,Lover,https://boxd.it/KhoK,3.5,,,,,,
reviews,2024-02-13,2024,Lover,https://boxd.it/5P4fDp,3.5,,"Good, but enakku set aagaadhu",,2024-02-13,,
diary,2024-02-18,2024,Sir,https://boxd.it/5QUURl,3.5,,,,2024-02-17,,
diary,2024-02-18,2024,Rushmore,https://boxd.it/5QWxQj,4,,,,2024-02-17,,
ratings,2024-02-18,2024,Sir,https://boxd.it/iNpa,3.5,,,,,,
ratings,2024-02-18,2024,Rushmore,https://boxd.it/1TAO,4,,,,,,
reviews,2024-02-18,2024,Sir,https://boxd.it/5QUURl,3.5,,I may say rare in bollywood,,2024-02-17,,
reviews,2024-02-18,2024,Rushmore,https://boxd.it/5QWxQj,4,,Barbers are mere neuro sergeants,,2024-02-17,,
diary,2024-03-03,2024,Dune,https://boxd.it/5Xtaqn,4,,,,2024-03-02,,
diary,2024-03-03,2024,Premalu,https://boxd.it/5XufoX,3,,,,2024-03-02,,
ratings,2024-03-03,2024,Dune,https://boxd.it/fA7G,4,,,,,,
ratings,2024-03-03,2024,Premalu,https://boxd.it/HuK4,3,,,,,,
reviews,2024-03-03,2024,Dune,https://boxd.it/5Xtaqn,4,,Dessert haunts,,2024-03-02,,
reviews,2024-03-03,2024,Premalu,https://boxd.it/5XufoX,3,,Good with few laughter,,2024-03-02,,
diary,2024-03-06,2024,Manjummel Boys,https://boxd.it/5Z44oN,3.5,,,,2024-03-05,,
ratings,2024-03-06,2024,Manjummel Boys,https://boxd.it/EtUc,3.5,,,,,,
reviews,2024-03-06,2024,Manjummel Boys,https://boxd.it/5Z44oN,3.5,,Good,,2024-03-05,,
diary,2024-03-17,2024,Oppenheimer,https://boxd.it/63Y9IB,4,,,,2024-03-16,,
diary,2024-03-17,2024,Another Round,https://boxd.it/643JlX,4,,,,2024-03-16,,
diary,2024-03-17,2024,Rise of the Planet of the Apes,https://boxd.it/64vFE3,3,,,,2024-03-17,,
ratings,2024-03-17,2024,Oppenheimer,https://boxd.it/wUow,4,,,,,,
ratings,2024-03-17,2024,Another Round,https://boxd.it/lkba,4,,,,,,
ratings,2024-03-17,2024,Rise of the Planet of the Apes,https://boxd.it/cS4,3,,,,,,
reviews,2024-03-17,2024,Oppenheimer,https://boxd.it/63Y9IB,4,,I'm still wandering inside the empty spaces of Ludwig's score,,2024-03-16,,
reviews,2024-03-17,2024,Another Round,https://boxd.it/643JlX,4,,They make rules and they live,,2024-03-16,,
reviews,2024-03-17,2024,Rise of the Planet of the Apes,https://boxd.it/64vFE3,3,,"Love the world to come, but story...hmm",,2024-03-17,,
diary,2024-03-18,2024,Mamma Mia!,https://boxd.it/64wVSR,3,,,,2024-03-17,,
diary,2024-03-18,2024,Dune: Part Two,https://boxd.it/64yoKp,4,,,,2024-03-17,,
ratings,2024-03-18,2024,Mamma Mia!,https://boxd.it/1Tnq,3,,,,,,
ratings,2024-03-18,2024,Dune: Part Two,https://boxd.it/pUfA,4,,,,,,
reviews,2024-03-18,2024,Mamma Mia!,https://boxd.it/64wVSR,3,,Not my type,,2024-03-17,,
reviews,2024-03-18,2024,Dune: Part Two,https://boxd.it/64yoKp,4,,As written,,2024-03-17,,
diary,2024-04-02,2024,"Like Father, Like Son",https://boxd.it/6bJYgv,4,,,,2024-04-01,,
ratings,2024-04-02,2024,"Like Father, Like Son",https://boxd.it/5rQs,4,,,,,,
reviews,2024-04-02,2024,"Like Father, Like Son",https://boxd.it/6bJYgv,4,,The long lasting brotherhood relationships,,2024-04-01,,
diary,2024-04-06,2024,Black Swan,https://boxd.it/6drM5n,4,,,,2024-04-05,,
ratings,2024-04-06,2024,Black Swan,https://boxd.it/Sw0,4,,,,,,
reviews,2024-04-06,2024,Black Swan,https://boxd.it/6drM5n,4,,To beauty...,,2024-04-05,,
diary,2024-04-13,2024,Shame,https://boxd.it/6gmiC9,3.5,Yes,,,2024-04-12,,
diary,2024-04-13,2024,Fight Club,https://boxd.it/6gDNMj,4,,,,2024-04-13,,
ratings,2024-04-13,2024,Shame,https://boxd.it/2CxU,3.5,,,,,,
ratings,2024-04-13,2024,Fight Club,https://boxd.it/2a9q,4,,,,,,
reviews,2024-04-13,2024,Shame,https://boxd.it/6gmiC9,3.5,Yes,Loneliness is everywhere,,2024-04-12,,
reviews,2024-04-13,2024,Fight Club,https://boxd.it/6gDNMj,4,,The men,,2024-04-13,,
diary,2024-04-15,2024,Pride & Prejudice,https://boxd.it/6h9UuZ,3.5,,,,2024-04-14,,
diary,2024-04-15,2024,Imaikkaa Nodigal,https://boxd.it/6hw0Qh,3,,,,2024-04-14,,
ratings,2024-04-15,2024,Pride & Prejudice,https://boxd.it/24u8,3.5,,,,,,
ratings,2024-04-15,2024,Imaikkaa Nodigal,https://boxd.it/eEnw,3,,,,,,
reviews,2024-04-15,2024,Pride & Prejudice,https://boxd.it/6h9UuZ,3.5,,British accent >>>,,2024-04-14,,
reviews,2024-04-15,2024,Imaikkaa Nodigal,https://boxd.it/6hw0Qh,3,,Actually a good one,,2024-04-14,,
diary,2024-05-04,2024,Lost Ladies,https://boxd.it/6p9TFJ,3.5,,,,2024-05-04,,
ratings,2024-05-04,2024,Lost Ladies,https://boxd.it/I0mS,3.5,,,,,,
reviews,2024-05-04,2024,Lost Ladies,https://boxd.it/6p9TFJ,3.5,,Nice,,2024-05-04,,
diary,2024-05-05,2024,Aamis,https://boxd.it/6pD8UR,3.5,,,,2024-05-04,,
diary,2024-05-05,2024,Aattam,https://boxd.it/6pD7Cx,3.5,,,,2024-05-05,,
diary,2024-05-05,2024,A Scene at the Sea,https://boxd.it/6pFqRb,3.5,,,,2024-05-05,,
ratings,2024-05-05,2024,Aattam,https://boxd.it/Aaws,3.5,,,,,,
ratings,2024-05-05,2024,Aamis,https://boxd.it/kTVA,3.5,,,,,,
ratings,2024-05-05,2024,A Scene at the Sea,https://boxd.it/1z10,3.5,,,,,,
reviews,2024-05-05,2024,Aattam,https://boxd.it/6pD7Cx,3.5,,A case study,,2024-05-05,,
reviews,2024-05-05,2024,Aamis,https://boxd.it/6pD8UR,3.5,,Didn't expect that,,2024-05-04,,
reviews,2024-05-05,2024,A Scene at the Sea,https://boxd.it/6pFqRb,3.5,,Atleast he is satisfied with something,,2024-05-05,,
diary,2024-05-06,2024,Dawn of the Planet of the Apes,https://boxd.it/6pNdEp,3.5,,,,2024-05-05,,
ratings,2024-05-06,2024,Dawn of the Planet of the Apes,https://boxd.it/3XyQ,3.5,,,,,,
reviews,2024-05-06,2024,Dawn of the Planet of the Apes,https://boxd.it/6pNdEp,3.5,,"Hope, No",,2024-05-05,,
diary,2024-05-18,2024,War for the Planet of the Apes,https://boxd.it/6uKsWn,3,,,,2024-05-17,,
ratings,2024-05-18,2024,War for the Planet of the Apes,https://boxd.it/8FE2,3,,,,,,
diary,2024-05-19,2024,The Fly,https://boxd.it/6uSJIj,3.5,,,,2024-05-18,,
diary,2024-05-19,2024,Mad Max: Fury Road,https://boxd.it/6vbv3J,4,,,,2024-05-19,,
ratings,2024-05-19,2024,The Fly,https://boxd.it/1YIe,3.5,,,,,,
ratings,2024-05-19,2024,Mad Max: Fury Road,https://boxd.it/2DjO,4,,,,,,
reviews,2024-05-19,2024,The Fly,https://boxd.it/6uSJIj,3.5,,Mad scientist,,2024-05-18,,
reviews,2024-05-19,2024,Mad Max: Fury Road,https://boxd.it/6vbv3J,4,,Hot wheels...,,2024-05-19,,
diary,2024-06-02,2024,The Batman,https://boxd.it/6B6oTn,4,,,,2024-06-02,,
ratings,2024-06-02,2024,The Batman,https://boxd.it/eDGs,4,,,,,,
reviews,2024-06-02,2024,The Batman,https://boxd.it/6B6oTn,4,,<blockquote>I have just ordered a piece of pumpkin pie</blockquote>,,2024-06-02,,
diary,2024-06-03,2024,Heat,https://boxd.it/6B7IOp,4,,,,2024-06-02,,
ratings,2024-06-03,2024,Heat,https://boxd.it/2bg8,4,,,,,,
reviews,2024-06-03,2024,Heat,https://boxd.it/6B7IOp,4,,A Mann cooked,,2024-06-02,,
diary,2024-07-06,2024,Kalki 2898-AD,https://boxd.it/6OF14X,2.5,,,,2024-07-05,,
ratings,2024-07-06,2024,Kalki 2898-AD,https://boxd.it/uaUM,2.5,,,,,,
reviews,2024-07-06,2024,Kalki 2898-AD,https://boxd.it/6OF14X,2.5,,Why?,,2024-07-05,,
diary,2024-07-08,2024,Star,https://boxd.it/6Pc5r3,3,,,,2024-07-07,,
ratings,2024-07-08,2024,Star,https://boxd.it/MEYq,3,,,,,,
reviews,2024-07-08,2024,Star,https://boxd.it/6Pc5r3,3,,Good but missing,,2024-07-07,,
diary,2024-07-21,2024,October,https://boxd.it/6UZqwh,3.5,,,,2024-07-20,,
ratings,2024-07-21,2024,October,https://boxd.it/hUvi,3.5,,,,,,
reviews,2024-07-21,2024,October,https://boxd.it/6UZqwh,3.5,,"<blockquote>Dan, Dan</blockquote>",,2024-07-20,,
diary,2024-08-03,2024,8 A.M. Metro,https://boxd.it/71cP01,3.5,,,,2024-08-03,,
diary,2024-08-03,2024,Iratta,https://boxd.it/71e4qZ,3,,,,2024-08-03,,
diary,2024-08-03,2024,Ford v Ferrari,https://boxd.it/71gQF3,4,,,,2024-08-03,,
ratings,2024-08-03,2024,8 A.M. Metro,https://boxd.it/GpSK,3.5,,,,,,
ratings,2024-08-03,2024,Iratta,https://boxd.it/zELA,3,,,,,,
ratings,2024-08-03,2024,Ford v Ferrari,https://boxd.it/ce74,4,,,,,,
reviews,2024-08-03,2024,8 A.M. Metro,https://boxd.it/71cP01,3.5,,This is different,,2024-08-03,,
reviews,2024-08-03,2024,Ford v Ferrari,https://boxd.it/71gQF3,4,,Everything fades at 7000,,2024-08-03,,
diary,2024-08-11,2024,The Wolverine,https://boxd.it/74jQkH,3,,,,2024-08-10,,
diary,2024-08-11,2024,X-Men Origins: Wolverine,https://boxd.it/74jQXf,2.5,,,,2024-08-10,,
diary,2024-08-11,2024,Unbelievable,https://boxd.it/74jRED,4,,,,2024-08-10,,
ratings,2024-08-11,2024,The Wolverine,https://boxd.it/2CWU,3,,,,,,
ratings,2024-08-11,2024,X-Men Origins: Wolverine,https://boxd.it/27ug,2.5,,,,,,
ratings,2024-08-11,2024,Unbelievable,https://boxd.it/noio,4,,,,,,
reviews,2024-08-11,2024,The Wolverine,https://boxd.it/74jQkH,3,,Goodbye,,2024-08-10,,
reviews,2024-08-11,2024,X-Men Origins: Wolverine,https://boxd.it/74jQXf,2.5,,"Why
Why
Why",,2024-08-10,,
reviews,2024-08-11,2024,Unbelievable,https://boxd.it/74jRED,4,,The details,,2024-08-10,,
diary,2024-08-15,2024,Gladiator,https://boxd.it/76tUH9,4,,,,2024-08-15,,
ratings,2024-08-15,2024,Gladiator,https://boxd.it/2b9m,4,,,,,,
reviews,2024-08-15,2024,Gladiator,https://boxd.it/76tUH9,4,,Ridley and his finest work,,2024-08-15,,
diary,2024-08-22,2024,Twisters,https://boxd.it/79FuTf,3,,,,2024-08-15,,
ratings,2024-08-22,2024,Twisters,https://boxd.it/qV7a,3,,,,,,
reviews,2024-08-22,2024,Twisters,https://boxd.it/79FuTf,3,,For my daisy,,2024-08-15,,
diary,2024-08-31,2024,Raayan,https://boxd.it/7dWt4l,3,,,,2024-08-31,,
ratings,2024-08-31,2024,Raayan,https://boxd.it/GYru,3,,,,,,
reviews,2024-08-31,2024,Raayan,https://boxd.it/7dWt4l,3,,Bhogiman,,2024-08-31,,
diary,2024-09-09,2024,The Silence of the Lambs,https://boxd.it/7hMtNB,4,,,,2024-09-08,,
ratings,2024-09-09,2024,The Silence of the Lambs,https://boxd.it/2aHW,4,,,,,,
reviews,2024-09-09,2024,The Silence of the Lambs,https://boxd.it/7hMtNB,4,,Am I into the zone of transphobic after watching this thing?,,2024-09-08,,
diary,2024-09-21,2024,Longlegs,https://boxd.it/7mZ8XB,3.5,,,,2024-09-15,,
diary,2024-09-21,2024,Guruvayoor Ambalanadayil,https://boxd.it/7njnIh,3,,,,2024-09-21,,
ratings,2024-09-21,2024,Longlegs,https://boxd.it/KzLM,3.5,,,,,,
ratings,2024-09-21,2024,Guruvayoor Ambalanadayil,https://boxd.it/Eqle,3,,,,,,
reviews,2024-09-21,2024,Longlegs,https://boxd.it/7mZ8XB,3.5,,Birthday is scary,,2024-09-15,,
reviews,2024-09-21,2024,Guruvayoor Ambalanadayil,https://boxd.it/7njnIh,3,,Had some laughs,,2024-09-21,,
diary,2024-09-22,2024,Civil War,https://boxd.it/7nP1bT,3.5,,,,2024-09-22,,
diary,2024-09-22,2024,Sharp Objects,https://boxd.it/7nQN5r,4,,,,2024-09-22,,
ratings,2024-09-22,2024,Civil War,https://boxd.it/z1jW,3.5,,,,,,
ratings,2024-09-22,2024,Sharp Objects,https://boxd.it/j3NM,4,,,,,,
reviews,2024-09-22,2024,Civil War,https://boxd.it/7nP1bT,3.5,,War photographs are not void,,2024-09-22,,
reviews,2024-09-22,2024,Sharp Objects,https://boxd.it/7nQN5r,4,,"Near Missouri, small town, murder
It is a good venn diagram",,2024-09-22,,
diary,2024-10-05,2024,Atonement,https://boxd.it/7tAlEl,4,,,,2024-10-05,,
ratings,2024-10-05,2024,Atonement,https://boxd.it/24ui,4,,,,,,
reviews,2024-10-05,2024,Atonement,https://boxd.it/7tAlEl,4,,Big little lies,,2024-10-05,,
diary,2024-10-06,2024,Aliens,https://boxd.it/7ubOMn,4,,,,2024-10-06,,
ratings,2024-10-06,2024,Aliens,https://boxd.it/29PA,4,,,,,,
reviews,2024-10-06,2024,Aliens,https://boxd.it/7ubOMn,4,,The BITCHES are insane,,2024-10-06,,
diary,2024-10-07,2024,Taste of Cherry,https://boxd.it/7ugVzv,4,,,,2024-10-06,,
ratings,2024-10-07,2024,Taste of Cherry,https://boxd.it/1m8W,4,,,,,,
reviews,2024-10-07,2024,Taste of Cherry,https://boxd.it/7ugVzv,4,,I wish I would like to be the car which listens these conversations,,2024-10-06,,
diary,2024-10-13,2024,Stree 2,https://boxd.it/7x4JEL,3,,,,2024-10-12,,
ratings,2024-10-13,2024,Stree 2,https://boxd.it/G5Cs,3,,,,,,
reviews,2024-10-13,2024,Stree 2,https://boxd.it/7x4JEL,3,,Good watch,,2024-10-12,,
diary,2024-10-20,2024,The Circle,https://boxd.it/7Baw6T,3.5,,,,2024-10-20,,
ratings,2024-10-20,2024,The Circle,https://boxd.it/1PbA,3.5,,,,,,
reviews,2024-10-20,2024,The Circle,https://boxd.it/7Baw6T,3.5,,I didn't expect this perfect CIRCLE,,2024-10-20,,
diary,2024-10-21,2024,Talvar,https://boxd.it/7Bdglp,3.5,,,,2024-10-13,,
diary,2024-10-21,2024,Montage,https://boxd.it/7BdjWj,3.5,,,,2024-10-13,,
diary,2024-10-21,2024,Gargi,https://boxd.it/7BdbVn,3.5,,,,2024-10-20,,
ratings,2024-10-21,2024,Gargi,https://boxd.it/ALXU,3.5,,,,,,
ratings,2024-10-21,2024,Talvar,https://boxd.it/bTxg,3.5,,,,,,
ratings,2024-10-21,2024,Montage,https://boxd.it/5SR8,3.5,,,,,,
reviews,2024-10-21,2024,Gargi,https://boxd.it/7BdbVn,3.5,,She stood,,2024-10-20,,
reviews,2024-10-21,2024,Talvar,https://boxd.it/7Bdglp,3.5,,Nice watch,,2024-10-13,,
reviews,2024-10-21,2024,Montage,https://boxd.it/7BdjWj,3.5,,I actually surprise,,2024-10-13,,
diary,2024-10-27,2024,Meiyazhagan,https://boxd.it/7EkI5l,3.5,,,,2024-10-26,,
ratings,2024-10-27,2024,Meiyazhagan,https://boxd.it/GYue,3.5,,,,,,
reviews,2024-10-27,2024,Meiyazhagan,https://boxd.it/7EkI5l,3.5,,A prem Kumar genre,,2024-10-26,,
diary,2024-11-01,2024,Vettaiyan,https://boxd.it/7H0p8R,3,,,,2024-10-31,,
ratings,2024-11-01,2024,Vettaiyan,https://boxd.it/FnTu,3,,,,,,
reviews,2024-11-01,2024,Vettaiyan,https://boxd.it/7H0p8R,3,,It's okay to have such flick,,2024-10-31,,
diary,2024-11-18,2024,Ante... Sundaraniki!,https://boxd.it/7Q4GSh,3.5,,,,2024-11-16,,
ratings,2024-11-18,2024,Ante... Sundaraniki!,https://boxd.it/vu0w,3.5,,,,,,
diary,2024-12-07,2024,10 Cloverfield Lane,https://boxd.it/7Zvvid,3.5,,,,2024-12-07,,
ratings,2024-12-07,2024,10 Cloverfield Lane,https://boxd.it/aZiu,3.5,,,,,,
reviews,2024-12-07,2024,10 Cloverfield Lane,https://boxd.it/7Zvvid,3.5,,Literally blowned,,2024-12-07,,
diary,2024-12-15,2024,Sookshmadarshini,https://boxd.it/835lIJ,3.5,,,,2024-12-14,,
diary,2024-12-15,2024,The Adamant Girl,https://boxd.it/835r75,3.5,,,,2024-12-14,,
diary,2024-12-15,2024,Viduthalai: Part I,https://boxd.it/835tAX,4,,,,2024-12-14,,
ratings,2024-12-15,2024,Sookshmadarshini,https://boxd.it/zRX0,3.5,,,,,,
ratings,2024-12-15,2024,The Adamant Girl,https://boxd.it/FwMs,3.5,,,,,,
ratings,2024-12-15,2024,Viduthalai: Part I,https://boxd.it/tzzM,4,,,,,,
reviews,2024-12-15,2024,Sookshmadarshini,https://boxd.it/835lIJ,3.5,,Underestimates micro biologist,,2024-12-14,,
reviews,2024-12-15,2024,The Adamant Girl,https://boxd.it/835r75,3.5,,Adamant at finest,,2024-12-14,,
reviews,2024-12-15,2024,Viduthalai: Part I,https://boxd.it/835tAX,4,,Vetrimaran with his core,,2024-12-14,,
diary,2024-12-16,2024,Kishkindha Kaandam,https://boxd.it/84bOir,3.5,,,,2024-12-15,,
ratings,2024-12-16,2024,Kishkindha Kaandam,https://boxd.it/CLOM,3.5,,,,,,
reviews,2024-12-16,2024,Kishkindha Kaandam,https://boxd.it/84bOir,3.5,,Everyone is sherlock,,2024-12-15,,
diary,2024-12-28,2024,Girls Will Be Girls,https://boxd.it/8cqo4F,3.5,,,,2024-12-25,,
diary,2024-12-28,2024,Nayakan,https://boxd.it/8cqrOL,4,,,,2024-12-25,,
diary,2024-12-28,2024,The Last 10 Years,https://boxd.it/8cquhZ,3.5,,,,2024-12-25,,
diary,2024-12-28,2024,Take Shelter,https://boxd.it/8cqjHH,4,,,,2024-12-28,,
diary,2024-12-28,2024,Anora,https://boxd.it/8cqn9J,3.5,,,,2024-12-28,,
ratings,2024-12-28,2024,Take Shelter,https://boxd.it/DQ,4,,,,,,
ratings,2024-12-28,2024,Anora,https://boxd.it/Egcw,3.5,,,,,,
ratings,2024-12-28,2024,Girls Will Be Girls,https://boxd.it/FVUw,3.5,,,,,,
ratings,2024-12-28,2024,Nayakan,https://boxd.it/1meA,4,,,,,,
ratings,2024-12-28,2024,The Last 10 Years,https://boxd.it/x57m,3.5,,,,,,
reviews,2024-12-28,2024,Take Shelter,https://boxd.it/8cqjHH,4,,Hallucinations are good but wait,,2024-12-28,,
reviews,2024-12-28,2024,Anora,https://boxd.it/8cqn9J,3.5,,I am retired of seeing Vegas as something,,2024-12-28,,
reviews,2024-12-28,2024,Girls Will Be Girls,https://boxd.it/8cqo4F,3.5,,Didn't expect that,,2024-12-25,,
reviews,2024-12-28,2024,Nayakan,https://boxd.it/8cqrOL,4,,It's nothing wrong to spend this 3 hours,,2024-12-25,,
reviews,2024-12-28,2024,The Last 10 Years,https://boxd.it/8cquhZ,3.5,,There was something in the movie which is still live for more than 10 years,,2024-12-25,,
diary,2024-12-29,2024,Asako I & II,https://boxd.it/8ctjkT,4,,,,2024-12-28,,
diary,2024-12-29,2024,The Imitation Game,https://boxd.it/8d0jon,3,,,,2024-12-28,,
ratings,2024-12-29,2024,The Imitation Game,https://boxd.it/6aig,3,,,,,,
reviews,2024-12-29,2024,Asako I & II,https://boxd.it/8ctjkT,4,,Realistic love,,2024-12-28,,
reviews,2024-12-29,2024,The Imitation Game,https://boxd.it/8d0jon,3,,Keira and war is a genre,,2024-12-28,,
diary,2025-01-11,2025,Nirangal Moondru,https://boxd.it/8qhbrJ,3.5,,,,2025-01-11,,
diary,2025-01-11,2025,How to Make Millions Before Grandma Dies,https://boxd.it/8qmV63,4,,,,2025-01-11,,
ratings,2025-01-11,2025,Nirangal Moondru,https://boxd.it/yKnW,3.5,,,,,,
ratings,2025-01-11,2025,How to Make Millions Before Grandma Dies,https://boxd.it/FLa4,4,,,,,,
reviews,2025-01-11,2025,Nirangal Moondru,https://boxd.it/8qhbrJ,3.5,,A karthick naren ground,,2025-01-11,,
reviews,2025-01-11,2025,How to Make Millions Before Grandma Dies,https://boxd.it/8qmV63,4,,I don't want to die at older age,,2025-01-11,,
diary,2025-01-12,2025,Yuni,https://boxd.it/8qsAex,3.5,,,,2025-01-11,,
ratings,2025-01-12,2025,Yuni,https://boxd.it/tXkw,3.5,,,,,,
reviews,2025-01-12,2025,Yuni,https://boxd.it/8qsAex,3.5,,My first Indonesian film that will be never forgotten,,2025-01-11,,
diary,2025-01-13,2025,Dahaad,https://boxd.it/8rFx5n,3,,,,2025-01-12,,
ratings,2025-01-13,2025,Dahaad,https://boxd.it/GyFA,3,,,,,,
reviews,2025-01-13,2025,Dahaad,https://boxd.it/8rFx5n,3,,"It worked, but not satisfied",,2025-01-12,,
diary,2025-01-15,2025,The Raid,https://boxd.it/8tRENX,4,Yes,,,2025-01-14,,
diary,2025-01-15,2025,The Raid 2,https://boxd.it/8tRLJj,3.5,,,,2025-01-14,,
ratings,2025-01-15,2025,The Raid,https://boxd.it/3hBy,4,,,,,,
ratings,2025-01-15,2025,The Raid 2,https://boxd.it/5uz0,3.5,,,,,,
reviews,2025-01-15,2025,The Raid,https://boxd.it/8tRENX,4,Yes,"Still my best action film, salikkalla",,2025-01-14,,
reviews,2025-01-15,2025,The Raid 2,https://boxd.it/8tRLJj,3.5,,"Great sequel, less adrenaline",,2025-01-14,,
ratings,2025-01-17,2025,Asako I & II,https://boxd.it/hyNk,4,,,,,,
diary,2025-01-18,2025,Beyond the Infinite Two Minutes,https://boxd.it/8wd5mJ,4,,,,2025-01-18,,
ratings,2025-01-18,2025,Beyond the Infinite Two Minutes,https://boxd.it/ujVk,4,,,,,,
reviews,2025-01-18,2025,Beyond the Infinite Two Minutes,https://boxd.it/8wd5mJ,4,,This is cinema frndz... a Japanese cinema,,2025-01-18,,
diary,2025-02-01,2025,A Real Pain,https://boxd.it/8GTXZp,3.5,,,,2025-02-01,,
ratings,2025-02-01,2025,A Real Pain,https://boxd.it/CjNG,3.5,,,,,,
reviews,2025-02-01,2025,A Real Pain,https://boxd.it/8GTXZp,3.5,,We are all jews at last,,2025-02-01,,
diary,2025-02-09,2025,Vidaamuyarchi,https://boxd.it/8MflK1,3,,,,2025-02-08,,
ratings,2025-02-09,2025,Vidaamuyarchi,https://boxd.it/zQjS,3,,,,,,
reviews,2025-02-09,2025,Vidaamuyarchi,https://boxd.it/8MflK1,3,,It's into the core but it can be more,,2025-02-08,,
diary,2025-03-08,2025,Kai Po Che!,https://boxd.it/93Kwdx,3.5,,,,2025-03-08,,
ratings,2025-03-08,2025,Kai Po Che!,https://boxd.it/5cWU,3.5,,,,,,
reviews,2025-03-08,2025,Kai Po Che!,https://boxd.it/93Kwdx,3.5,,Not a normal cricket film,,2025-03-08,,
diary,2025-03-24,2025,Dragon,https://boxd.it/9cYGFZ,3,,,,2025-03-22,,
diary,2025-03-24,2025,Nilavuku En Mel Ennadi Kobam,https://boxd.it/9cYI8X,2,,,,2025-03-23,,
diary,2025-03-24,2025,Officer on Duty,https://boxd.it/9cYNj7,3.5,,,,2025-03-23,,
diary,2025-03-24,2025,Adolescence,https://boxd.it/9cZ8Vr,4,,,,2025-03-23,,
ratings,2025-03-24,2025,Dragon,https://boxd.it/Mxns,3,,,,,,
ratings,2025-03-24,2025,Nilavuku En Mel Ennadi Kobam,https://boxd.it/Ko9C,2,,,,,,
ratings,2025-03-24,2025,Officer on Duty,https://boxd.it/MSnS,3.5,,,,,,
ratings,2025-03-24,2025,Adolescence,https://boxd.it/TFGw,4,,,,,,
reviews,2025-03-24,2025,Dragon,https://boxd.it/9cYGFZ,3,,Good commercial,,2025-03-22,,
reviews,2025-03-24,2025,Nilavuku En Mel Ennadi Kobam,https://boxd.it/9cYI8X,2,,Audience mela enna da kobam?,,2025-03-23,,
reviews,2025-03-24,2025,Officer on Duty,https://boxd.it/9cYNj7,3.5,,Music was good but not the story,,2025-03-23,,
reviews,2025-03-24,2025,Adolescence,https://boxd.it/9cZ8Vr,4,,One of the finest limited series,,2025-03-23,,
diary,2025-03-29,2025,The Wind Rises,https://boxd.it/9g914x,4,,,,2025-03-29,,
ratings,2025-03-29,2025,The Wind Rises,https://boxd.it/4JQS,4,,,,,,
reviews,2025-03-29,2025,The Wind Rises,https://boxd.it/9g914x,4,,A Japanese art,,2025-03-29,,
diary,2025-04-02,2025,Mouna Raagam,https://boxd.it/9i6Euh,3.5,,,,2025-03-29,,
diary,2025-04-02,2025,Santosh,https://boxd.it/9i6F3V,3.5,,,,2025-03-30,,
diary,2025-04-02,2025,Karwaan,https://boxd.it/9i6G7f,3.5,,,,2025-03-31,,
ratings,2025-04-02,2025,Mouna Raagam,https://boxd.it/2SpW,3.5,,,,,,
ratings,2025-04-02,2025,Santosh,https://boxd.it/KRli,3.5,,,,,,
ratings,2025-04-02,2025,Karwaan,https://boxd.it/jp58,3.5,,,,,,
reviews,2025-04-02,2025,Mouna Raagam,https://boxd.it/9i6Euh,3.5,,Raja raja thaan,,2025-03-29,,
reviews,2025-04-02,2025,Santosh,https://boxd.it/9i6F3V,3.5,,Raw thing from hindi films,,2025-03-30,,
reviews,2025-04-02,2025,Karwaan,https://boxd.it/9i6G7f,3.5,,Different cast with nice dialogs,,2025-03-31,,
diary,2025-04-26,2025,Veera Dheera Sooran: Part 2,https://boxd.it/9wz085,3.5,,,,2025-04-26,,
ratings,2025-04-26,2025,Veera Dheera Sooran: Part 2,https://boxd.it/JsRc,3.5,,,,,,
ratings,2025-04-26,2025,Barfi!,https://boxd.it/4aL4,4,,,,,,
reviews,2025-04-26,2025,Veera Dheera Sooran: Part 2,https://boxd.it/9wz085,3.5,,A good one,,2025-04-26,,
diary,2025-04-27,2025,Barfi!,https://boxd.it/9wBVzr,4,,,,2025-04-26,,
ratings,2025-04-27,2025,Life of Pi,https://boxd.it/37pC,3.5,,,,,,
reviews,2025-04-27,2025,Barfi!,https://boxd.it/9wBVzr,4,,Really a good watch,,2025-04-26,,
diary,2025-04-28,2025,Life of Pi,https://boxd.it/9xkryN,3.5,,,,2025-04-27,,
reviews,2025-04-28,2025,Life of Pi,https://boxd.it/9xkryN,3.5,,I like the story with tiger,,2025-04-27,,
diary,2025-05-01,2025,The Revenant,https://boxd.it/9zkVJp,4,,,,2025-05-01,,
ratings,2025-05-01,2025,The Revenant,https://boxd.it/8H5e,4,,,,,,
ratings,2025-05-01,2025,Court: State vs. A Nobody,https://boxd.it/SHmm,3,,,,,,
reviews,2025-05-01,2025,The Revenant,https://boxd.it/9zkVJp,4,,It's cold,,2025-05-01,,
diary,2025-05-02,2025,Court: State vs. A Nobody,https://boxd.it/9ztvSN,3,,,,2025-05-01,,
reviews,2025-05-02,2025,Court: State vs. A Nobody,https://boxd.it/9ztvSN,3,,"Mediocre, nothing overwhelmed me",,2025-05-01,,
diary,2025-05-19,2025,Good Bad Ugly,https://boxd.it/9JXs0t,2,,,,2025-05-11,,
diary,2025-05-19,2025,Irugapatru,https://boxd.it/9JS5bN,3.5,,,,2025-05-18,,
diary,2025-05-19,2025,Tourist Family,https://boxd.it/9JS6i1,3.5,,,,2025-05-18,,
diary,2025-05-19,2025,Superboys of Malegaon,https://boxd.it/9JS7ir,3.5,,,,2025-05-18,,
ratings,2025-05-19,2025,Irugapatru,https://boxd.it/EEGA,3.5,,,,,,
ratings,2025-05-19,2025,Tourist Family,https://boxd.it/RNEO,3.5,,,,,,
ratings,2025-05-19,2025,Superboys of Malegaon,https://boxd.it/KyOU,3.5,,,,,,
ratings,2025-05-19,2025,Good Bad Ugly,https://boxd.it/M11k,2,,,,,,
reviews,2025-05-19,2025,Irugapatru,https://boxd.it/9JS5bN,3.5,,Definitely not a film for me but nice,,2025-05-18,,
reviews,2025-05-19,2025,Tourist Family,https://boxd.it/9JS6i1,3.5,,A good entertainer,,2025-05-18,,
reviews,2025-05-19,2025,Superboys of Malegaon,https://boxd.it/9JS7ir,3.5,,A thank you letter to cinema,,2025-05-18,,
reviews,2025-05-19,2025,Good Bad Ugly,https://boxd.it/9JXs0t,2,,God bless you director,,2025-05-11,,
diary,2025-06-02,2025,HIT: The First Case,https://boxd.it/9SFVqF,3.5,,,,2025-05-31,,
diary,2025-06-02,2025,HIT: The 2nd Case,https://boxd.it/9SFX97,2.5,,,,2025-05-31,,
diary,2025-06-02,2025,HIT: The Third Case,https://boxd.it/9SFXFR,3,,,,2025-06-01,,
diary,2025-06-02,2025,Retro,https://boxd.it/9SG0sV,3,,,,2025-06-01,,
ratings,2025-06-02,2025,HIT: The First Case,https://boxd.it/pifM,3.5,,,,,,
ratings,2025-06-02,2025,HIT: The 2nd Case,https://boxd.it/uzQq,2.5,,,,,,
ratings,2025-06-02,2025,HIT: The Third Case,https://boxd.it/E7vu,3,,,,,,
ratings,2025-06-02,2025,Retro,https://boxd.it/MfqS,3,,,,,,
reviews,2025-06-02,2025,HIT: The First Case,https://boxd.it/9SFVqF,3.5,,To the core,,2025-05-31,,
reviews,2025-06-02,2025,HIT: The 2nd Case,https://boxd.it/9SFX97,2.5,,Not to the core,,2025-05-31,,
reviews,2025-06-02,2025,HIT: The Third Case,https://boxd.it/9SFXFR,3,,Violence Violence Violence,,2025-06-01,,
reviews,2025-06-02,2025,Retro,https://boxd.it/9SG0sV,3,,Liked some bits,,2025-06-01,,
diary,2025-06-07,2025,Thug Life,https://boxd.it/9Veh5b,2.5,,,,2025-06-07,,
ratings,2025-06-07,2025,Thug Life,https://boxd.it/DxWY,2.5,,,,,,
reviews,2025-06-07,2025,Thug Life,https://boxd.it/9Veh5b,2.5,,I won't forget Nayagan neither thug life,,2025-06-07,,
diary,2025-07-21,2025,Thupparivaalan,https://boxd.it/apgsjn,3.5,,,,2025-07-19,,
diary,2025-07-21,2025,Kuberaa,https://boxd.it/apgKwT,3,,,,2025-07-19,,
diary,2025-07-21,2025,Dear Zindagi,https://boxd.it/apgQit,3.5,,,,2025-07-20,,
ratings,2025-07-21,2025,Thupparivaalan,https://boxd.it/esI8,3.5,,,,,,
ratings,2025-07-21,2025,Kuberaa,https://boxd.it/IpbA,3,,,,,,
ratings,2025-07-21,2025,Dear Zindagi,https://boxd.it/eAiM,3.5,,,,,,
reviews,2025-07-21,2025,Thupparivaalan,https://boxd.it/apgsjn,3.5,,Myskin Paying tribute to Holmes?,,2025-07-19,,
reviews,2025-07-21,2025,Kuberaa,https://boxd.it/apgKwT,3,,Now I supports Vijay Antony's Pichaikaaran,,2025-07-19,,
reviews,2025-07-21,2025,Dear Zindagi,https://boxd.it/apgQit,3.5,,Kind of loved it,,2025-07-20,,
diary,2025-08-02,2025,PK,https://boxd.it/azbaHr,3.5,,,,2025-07-26,,
diary,2025-08-02,2025,Casino Royale,https://boxd.it/azbiFN,4,,,,2025-07-27,,
diary,2025-08-02,2025,Quantum of Solace,https://boxd.it/azbnb9,3,,,,2025-07-27,,
diary,2025-08-02,2025,Skyfall,https://boxd.it/azbriX,4,,,,2025-07-27,,
ratings,2025-08-02,2025,PK,https://boxd.it/9q1G,3.5,,,,,,
ratings,2025-08-02,2025,Casino Royale,https://boxd.it/1alk,4,,,,,,
ratings,2025-08-02,2025,Quantum of Solace,https://boxd.it/1Vs8,3,,,,,,
ratings,2025-08-02,2025,Skyfall,https://boxd.it/17Fc,4,,,,,,
reviews,2025-08-02,2025,PK,https://boxd.it/azbaHr,3.5,,Adding nanga punga dost song to my playlist surely,,2025-07-26,,
reviews,2025-08-02,2025,Casino Royale,https://boxd.it/azbiFN,4,,"Thank God, I have started Daniel Craig's James Bond movie series with a perfect one.",,2025-07-27,,
reviews,2025-08-02,2025,Quantum of Solace,https://boxd.it/azbnb9,3,,May be the writers have bad mood on writing this one,,2025-07-27,,
reviews,2025-08-02,2025,Skyfall,https://boxd.it/azbriX,4,,Oh perfect competitor to Casino Royale. I like this one better since I have no idea on gambling.,,2025-07-27,,
diary,2025-08-11,2025,3BHK,https://boxd.it/aGfSPF,3,,,,2025-08-10,,
ratings,2025-08-11,2025,3BHK,https://boxd.it/Nn64,3,,,,,,
reviews,2025-08-11,2025,3BHK,https://boxd.it/aGfSPF,3,,A pleasant watch,,2025-08-10,,
diary,2025-08-18,2025,Khauf,https://boxd.it/aLsyZL,3.5,,,,2025-08-16,,
diary,2025-08-18,2025,Mandala Murders,https://boxd.it/aLsDxx,2.5,,,,2025-08-17,,
ratings,2025-08-18,2025,Khauf,https://boxd.it/Ux8o,3.5,,,,,,
ratings,2025-08-18,2025,Mandala Murders,https://boxd.it/WYwQ,2.5,,,,,,
reviews,2025-08-18,2025,Khauf,https://boxd.it/aLsyZL,3.5,,Liked it,,2025-08-16,,
reviews,2025-08-18,2025,Mandala Murders,https://boxd.it/aLsDxx,2.5,,"Average, but okayish",,2025-08-17,,
diary,2025-08-31,2025,Superman,https://boxd.it/aUxqCb,3.5,,,,2025-08-30,,
diary,2025-08-31,2025,F1,https://boxd.it/aVdo75,4,,,,2025-08-31,,
ratings,2025-08-31,2025,Superman,https://boxd.it/E9IU,3.5,,,,,,
ratings,2025-08-31,2025,F1,https://boxd.it/yjVM,4,,,,,,
reviews,2025-08-31,2025,Superman,https://boxd.it/aUxqCb,3.5,,Literally the best comic version,,2025-08-30,,
reviews,2025-08-31,2025,F1,https://boxd.it/aVdo75,4,,That noise is the one of the reasons I'm still following F1,,2025-08-31,,
diary,2025-09-05,2025,Lokah Chapter 1: Chandra,https://boxd.it/aYwUD3,3.5,,,,2025-09-04,,
ratings,2025-09-05,2025,Lokah Chapter 1: Chandra,https://boxd.it/NelO,3.5,,,,,,
reviews,2025-09-05,2025,Lokah Chapter 1: Chandra,https://boxd.it/aYwUD3,3.5,,A good commercial,,2025-09-04,,
diary,2025-09-12,2025,Madharaasi,https://boxd.it/b2xwO5,3,,,,2025-09-11,,
ratings,2025-09-12,2025,Madharaasi,https://boxd.it/Nu7S,3,,,,,,
reviews,2025-09-12,2025,Madharaasi,https://boxd.it/b2xwO5,3,,Nice one,,2025-09-11,,
diary,2025-09-14,2025,Coolie,https://boxd.it/b4fnsV,2.5,,,,2025-09-14,,
diary,2025-09-14,2025,Saiyaara,https://boxd.it/b4foE9,3,,,,2025-09-14,,
ratings,2025-09-14,2025,Saiyaara,https://boxd.it/Lb84,3,,,,,,
reviews,2025-09-14,2025,Coolie,https://boxd.it/b4fnsV,2.5,,Something missing,,2025-09-14,,
reviews,2025-09-14,2025,Saiyaara,https://boxd.it/b4foE9,3,,Recent good one but naah,,2025-09-14,,
diary,2025-09-15,2025,The Hunt,https://boxd.it/b4fvNx,4,,,,2025-09-14,,
ratings,2025-09-15,2025,The Hunt,https://boxd.it/3wEC,4,,,,,,
ratings,2025-09-15,2025,Coolie,https://boxd.it/HDVK,2.5,,,,,,
reviews,2025-09-15,2025,The Hunt,https://boxd.it/b4fvNx,4,,Worth it,,2025-09-14,,
diary,2025-10-02,2025,A Touch of Sin,https://boxd.it/berCTr,3.5,,,,2025-10-01,,
diary,2025-10-02,2025,Still Life,https://boxd.it/betVkz,4,,,,2025-10-01,,
ratings,2025-10-02,2025,A Touch of Sin,https://boxd.it/5Fvo,3.5,,,,,,
ratings,2025-10-02,2025,Still Life,https://boxd.it/26Tk,4,,,,,,
reviews,2025-10-02,2025,A Touch of Sin,https://boxd.it/berCTr,3.5,,An anthology of everything,,2025-10-01,,
reviews,2025-10-02,2025,Still Life,https://boxd.it/betVkz,4,,Loneliness all around,,2025-10-01,,
diary,2025-10-03,2025,A Silent Voice: The Movie,https://boxd.it/bf4R8j,4,,,,2025-10-02,,
diary,2025-10-03,2025,I Want to Eat Your Pancreas,https://boxd.it/bf4SNd,4,,,,2025-10-02,,
ratings,2025-10-03,2025,A Silent Voice: The Movie,https://boxd.it/d99c,4,,,,,,
ratings,2025-10-03,2025,I Want to Eat Your Pancreas,https://boxd.it/ie6C,4,,,,,,
reviews,2025-10-03,2025,A Silent Voice: The Movie,https://boxd.it/bf4R8j,4,,Redemption aka guilt - that's the core,,2025-10-02,,
reviews,2025-10-03,2025,I Want to Eat Your Pancreas,https://boxd.it/bf4SNd,4,,May be me and the dying girl,,2025-10-02,,
diary,2025-10-12,2025,Sinners,https://boxd.it/bkEB8z,4,,,,2025-10-11,,
diary,2025-10-12,2025,Burning,https://boxd.it/bkHtWx,3.5,,,,2025-10-11,,
ratings,2025-10-12,2025,Sinners,https://boxd.it/KQMM,4,,,,,,
ratings,2025-10-12,2025,Burning,https://boxd.it/hHUa,3.5,,,,,,
reviews,2025-10-12,2025,Sinners,https://boxd.it/bkEB8z,4,,I had a great JAM session,,2025-10-11,,
reviews,2025-10-12,2025,Burning,https://boxd.it/bkHtWx,3.5,,One of the best title given,,2025-10-11,,
diary,2025-11-03,2025,Task,https://boxd.it/bAA4yZ,3.5,,,,2025-11-02,,
ratings,2025-11-03,2025,Task,https://boxd.it/Xwl8,3.5,,,,,,
reviews,2025-11-03,2025,Task,https://boxd.it/bAA4yZ,3.5,,"We actually got the story from the first episode, yet it thrills me till the end. Soundtracks are awesome",,2025-11-02,,
diary,2025-11-09,2025,Kiss,https://boxd.it/bDGXpn,3,,,,2025-11-08,,
diary,2025-11-09,2025,Nope,https://boxd.it/bDKBft,4,Yes,,,2025-11-08,,
ratings,2025-11-09,2025,Kiss,https://boxd.it/Nysq,3,,,,,,
reviews,2025-11-09,2025,Kiss,https://boxd.it/bDGXpn,3,,Enjoyed at some parts,,2025-11-08,,
reviews,2025-11-09,2025,Nope,https://boxd.it/bDKBft,4,Yes,"It's my re-watch, still made me believe in this thing",,2025-11-08,,
diary,2025-11-10,2025,Baramulla,https://boxd.it/bEB2qx,3,,,,2025-11-09,,
ratings,2025-11-10,2025,Baramulla,https://boxd.it/YdUU,3,,,,,,
reviews,2025-11-10,2025,Baramulla,https://boxd.it/bEB2qx,3,,"This film's suspense are at the right point, but some plots are fading",,2025-11-09,,
diary,2025-11-22,2025,Saving Private Ryan,https://boxd.it/bNuPen,4,Yes,,,2025-11-22,,
ratings,2025-11-22,2025,Saving Private Ryan,https://boxd.it/29ro,4,,,,,,
reviews,2025-11-22,2025,Saving Private Ryan,https://boxd.it/bNuPen,4,Yes,Saving Private Ryan and losing others,,2025-11-22,,
diary,2025-11-30,2025,The Man Who Knew Infinity,https://boxd.it/bSZsJp,3,,,,2025-11-29,,
diary,2025-11-30,2025,F1,https://boxd.it/bSZviV,4,Yes,,,2025-11-29,,
ratings,2025-11-30,2025,The Man Who Knew Infinity,https://boxd.it/bTpm,3,,,,,,
reviews,2025-11-30,2025,The Man Who Knew Infinity,https://boxd.it/bSZsJp,3,,"Maths is nice, but the story doesn't",,2025-11-29,,
reviews,2025-11-30,2025,F1,https://boxd.it/bSZviV,4,Yes,A rewatch and it's the same SOUND,,2025-11-29,,
diary,2025-12-07,2025,The Girlfriend,https://boxd.it/bXDjY7,2.5,,,,2025-12-06,,
diary,2025-12-07,2025,Sister Midnight,https://boxd.it/bXDi0l,3.5,,,,2025-12-07,,
diary,2025-12-07,2025,Left-Handed Girl,https://boxd.it/bXDlNl,3.5,,,,2025-12-07,,
ratings,2025-12-07,2025,Sister Midnight,https://boxd.it/MBDY,3.5,,,,,,
ratings,2025-12-07,2025,The Girlfriend,https://boxd.it/Jojq,2.5,,,,,,
ratings,2025-12-07,2025,Left-Handed Girl,https://boxd.it/BLDW,3.5,,,,,,
reviews,2025-12-07,2025,Sister Midnight,https://boxd.it/bXDi0l,3.5,,Loved her acting,,2025-12-07,,
reviews,2025-12-07,2025,The Girlfriend,https://boxd.it/bXDjY7,2.5,,Unnatural,,2025-12-06,,
reviews,2025-12-07,2025,Left-Handed Girl,https://boxd.it/bXDlNl,3.5,,Nice colors of Taipei and even the story,,2025-12-07,,
diary,2025-12-13,2025,We Live in Time,https://boxd.it/c1g1Sb,3.5,,,,2025-12-12,,
diary,2025-12-13,2025,Kaantha,https://boxd.it/c1H3xD,3.5,,,,2025-12-13,,
diary,2025-12-13,2025,Short Term 12,https://boxd.it/c1L7wx,4,,,,2025-12-13,,
diary,2025-12-13,2025,Perfect Blue,https://boxd.it/c1RoEF,4,,,,2025-12-13,,
ratings,2025-12-13,2025,We Live in Time,https://boxd.it/FC5u,3.5,,,,,,
ratings,2025-12-13,2025,Kaantha,https://boxd.it/LChi,3.5,,,,,,
ratings,2025-12-13,2025,Short Term 12,https://boxd.it/5f6s,4,,,,,,
ratings,2025-12-13,2025,Perfect Blue,https://boxd.it/1W7A,4,,,,,,
reviews,2025-12-13,2025,We Live in Time,https://boxd.it/c1g1Sb,3.5,,They cracked...,,2025-12-12,,
reviews,2025-12-13,2025,Kaantha,https://boxd.it/c1H3xD,3.5,,Really nice but didn't get me full,,2025-12-13,,
reviews,2025-12-13,2025,Short Term 12,https://boxd.it/c1L7wx,4,,Enjoyed and depressed at the same time,,2025-12-13,,
reviews,2025-12-13,2025,Perfect Blue,https://boxd.it/c1RoEF,4,,We are so brutally struck in her dream-reality,,2025-12-13,,
diary,2025-12-15,2025,Aaromaley,https://boxd.it/c3sthJ,3,,,,2025-12-14,,
ratings,2025-12-15,2025,Aaromaley,https://boxd.it/VkiM,3,,,,,,
reviews,2025-12-15,2025,Aaromaley,https://boxd.it/c3sthJ,3,,Just a nice watch,,2025-12-14,,
diary,2025-12-21,2025,Silence,https://boxd.it/c8jnUn,4,,,,2025-12-20,,
diary,2025-12-21,2025,Homebound,https://boxd.it/c8oGGJ,3.5,,,,2025-12-20,,
ratings,2025-12-21,2025,Silence,https://boxd.it/2cAo,4,,,,,,
ratings,2025-12-21,2025,Homebound,https://boxd.it/KDDs,3.5,,,,,,
reviews,2025-12-21,2025,Silence,https://boxd.it/c8jnUn,4,,This <b>Silence </b>speaks a lot,,2025-12-20,,
reviews,2025-12-21,2025,Homebound,https://boxd.it/c8oGGJ,3.5,,Really a nice watch,,2025-12-20,,
diary,2026-01-03,2026,Thevar Magan,https://boxd.it/co9SzJ,4,,,,2026-01-01,,
diary,2026-01-03,2026,"Sorry, Baby",https://boxd.it/coafS5,4,,,,2026-01-02,,
ratings,2026-01-03,2026,Thevar Magan,https://boxd.it/8pM,4,,,,,,
reviews,2026-01-03,2026,Thevar Magan,https://boxd.it/co9SzJ,4,,One and only kamalism,,2026-01-01,,
reviews,2026-01-03,2026,"Sorry, Baby",https://boxd.it/coafS5,4,,"Hard to be that character 
Hard to be a woman
And hard to be a human",,2026-01-02,,
diary,2026-01-04,2026,Eko,https://boxd.it/cptCQD,3.5,,,,2026-01-03,,
ratings,2026-01-04,2026,Eko,https://boxd.it/EuuY,3.5,,,,,,
reviews,2026-01-04,2026,Eko,https://boxd.it/cptCQD,3.5,,As good as kishkindha kaandam,,2026-01-03,,
diary,2026-01-05,2026,About Time,https://boxd.it/crvjyx,4,,,,2026-01-04,,
ratings,2026-01-05,2026,About Time,https://boxd.it/43bI,4,,,,,,
reviews,2026-01-05,2026,About Time,https://boxd.it/crvjyx,4,,Thanks dad for this extraordinary ordinary life,,2026-01-04,,
diary,2026-01-12,2026,Sore: A Wife from the Future,https://boxd.it/cA0mqF,4,,,,2026-01-11,,
ratings,2026-01-12,2026,Sore: A Wife from the Future,https://boxd.it/RjY0,4,,,,,,
reviews,2026-01-12,2026,Sore: A Wife from the Future,https://boxd.it/cA0mqF,4,,Acceptance is the penultimate end,,2026-01-11,,
diary,2026-01-16,2026,Parasakthi,https://boxd.it/cErkL7,3,,,,2026-01-15,,
ratings,2026-01-16,2026,Parasakthi,https://boxd.it/AsJk,3,,,,,,
reviews,2026-01-16,2026,Parasakthi,https://boxd.it/cErkL7,3,,Okay...ish...,,2026-01-15,,
diary,2026-01-18,2026,Mask,https://boxd.it/cHrt0r,3,,,,2026-01-18,,
ratings,2026-01-18,2026,Mask,https://boxd.it/Oa34,3,,,,,,
reviews,2026-01-18,2026,Mask,https://boxd.it/cHrt0r,3,,Sometimes it is quirky,,2026-01-18,,
diary,2026-01-19,2026,The Substance,https://boxd.it/cHrUQp,4,,,,2026-01-18,,
diary,2026-01-19,2026,Gia,https://boxd.it/cHCQXN,3.5,,,,2026-01-18,,
diary,2026-01-19,2026,It Was Just an Accident,https://boxd.it/cHCXFB,4,,,,2026-01-18,,
ratings,2026-01-19,2026,The Substance,https://boxd.it/zanS,4,,,,,,
ratings,2026-01-19,2026,Gia,https://boxd.it/1NUo,3.5,,,,,,
ratings,2026-01-19,2026,It Was Just an Accident,https://boxd.it/TX2k,4,,,,,,
reviews,2026-01-19,2026,The Substance,https://boxd.it/cHrUQp,4,,That's the mountain dew's effect,,2026-01-18,,
reviews,2026-01-19,2026,Gia,https://boxd.it/cHCQXN,3.5,,Fashion is complex and Gia is perfect in it,,2026-01-18,,
reviews,2026-01-19,2026,It Was Just an Accident,https://boxd.it/cHCXFB,4,,"Could have been the sequel to the film ""Incendies""",,2026-01-18,,
diary,2026-01-25,2026,Angammal,https://boxd.it/cNJlJj,3.5,,,,2026-01-24,,
ratings,2026-01-25,2026,Angammal,https://boxd.it/QJO4,3.5,,,,,,
reviews,2026-01-25,2026,Angammal,https://boxd.it/cNJlJj,3.5,,Decent,,2026-01-24,,
diary,2026-01-27,2026,Thalaivar Thambi Thalaimaiyil,https://boxd.it/cQWrof,3.5,,,,2026-01-27,,
ratings,2026-01-27,2026,Thalaivar Thambi Thalaimaiyil,https://boxd.it/wMLs,3.5,,,,,,
reviews,2026-01-27,2026,Thalaivar Thambi Thalaimaiyil,https://boxd.it/cQWrof,3.5,,"Quirky at most of the parts, a good film",,2026-01-27,,
diary,2026-02-01,2026,Sarvam Maya,https://boxd.it/cVcZeh,3.5,,,,2026-01-31,,
ratings,2026-02-01,2026,Sarvam Maya,https://boxd.it/UEUa,3.5,,,,,,
reviews,2026-02-01,2026,Sarvam Maya,https://boxd.it/cVcZeh,3.5,,A really good watch,,2026-01-31,,
diary,2026-02-14,2026,Dhurandhar,https://boxd.it/d7zUvr,3,,,,2026-02-14,,
ratings,2026-02-14,2026,Dhurandhar,https://boxd.it/NhCI,3,,,,,,
reviews,2026-02-14,2026,Dhurandhar,https://boxd.it/d7zUvr,3,,A good action movie,,2026-02-14,,
diary,2026-03-01,2026,Hamnet,https://boxd.it/dkU40b,3.5,,,,2026-02-28,,
ratings,2026-03-01,2026,Hamnet,https://boxd.it/woVy,3.5,,,,,,
reviews,2026-03-01,2026,Hamnet,https://boxd.it/dkU40b,3.5,,"When I'm hearing the music ""On the nature of daylight"", I'll always be in that theater",,2026-02-28,,
diary,2026-03-07,2026,One Battle After Another,https://boxd.it/dqlU8b,3.5,,,,2026-03-07,,
ratings,2026-03-07,2026,One Battle After Another,https://boxd.it/DUHM,3.5,,,,,,
reviews,2026-03-07,2026,One Battle After Another,https://boxd.it/dqlU8b,3.5,,Vamos !!!,,2026-03-07,,
diary,2026-03-08,2026,With Love,https://boxd.it/dqGITL,3,,,,2026-03-08,,
diary,2026-03-08,2026,Train Dreams,https://boxd.it/dqGNxv,4,,,,2026-03-08,,
ratings,2026-03-08,2026,With Love,https://boxd.it/W6Rq,3,,,,,,
ratings,2026-03-08,2026,Train Dreams,https://boxd.it/LdDo,4,,,,,,
reviews,2026-03-08,2026,With Love,https://boxd.it/dqGITL,3,,Good but nah,,2026-03-08,,
reviews,2026-03-08,2026,Train Dreams,https://boxd.it/dqGNxv,4,,The literal life,,2026-03-08,,
ratings,2026-03-09,2026,"Sorry, Baby",https://boxd.it/JKNi,4,,,,,,
diary,2026-03-22,2026,The Secret Agent,https://boxd.it/dBYLLb,3.5,,,,2026-03-21,,
diary,2026-03-22,2026,Tremors,https://boxd.it/dC22I5,3.5,,,,2026-03-21,,
ratings,2026-03-22,2026,The Secret Agent,https://boxd.it/KkUE,3.5,,,,,,
ratings,2026-03-22,2026,Tremors,https://boxd.it/1YSe,3.5,,,,,,
reviews,2026-03-22,2026,The Secret Agent,https://boxd.it/dBYLLb,3.5,,A great opening of the Brazilian films for me,,2026-03-21,,
reviews,2026-03-22,2026,Tremors,https://boxd.it/dC22I5,3.5,,They are all now the Freman,,2026-03-21,,
diary,2026-04-06,2026,Oru Jaathi Jaathakam,https://boxd.it/dRg96b,3,,,,2026-04-05,,
ratings,2026-04-06,2026,Oru Jaathi Jaathakam,https://boxd.it/HuJA,3,,,,,,
reviews,2026-04-06,2026,Oru Jaathi Jaathakam,https://boxd.it/dRg96b,3,,Okay,,2026-04-05,,
diary,2026-04-25,2026,Ohm Shanthi Oshaana,https://boxd.it/e6KItT,3.5,,,,2026-04-25,,
ratings,2026-04-25,2026,Ohm Shanthi Oshaana,https://boxd.it/7AF8,3.5,,,,,,
reviews,2026-04-25,2026,Ohm Shanthi Oshaana,https://boxd.it/e6KItT,3.5,,Beautiful,,2026-04-25,,
diary,2026-04-27,2026,Bangalore Days,https://boxd.it/e8yr1n,3.5,Yes,,,2026-04-26,,
diary,2026-04-27,2026,Mumbai Police,https://boxd.it/e8yutf,3.5,,,,2026-04-26,,
ratings,2026-04-27,2026,Bangalore Days,https://boxd.it/82ZA,3.5,,,,,,
ratings,2026-04-27,2026,Mumbai Police,https://boxd.it/5LJQ,3.5,,,,,,
reviews,2026-04-27,2026,Bangalore Days,https://boxd.it/e8yr1n,3.5,Yes,Kuttan is an under rated character,,2026-04-26,,
reviews,2026-04-27,2026,Mumbai Police,https://boxd.it/e8yutf,3.5,,Really a good movie though,,2026-04-26,,
diary,2026-05-06,2026,Kedi Billa Killadi Ranga,https://boxd.it/efP2rn,2.5,,,,2026-05-02,,
diary,2026-05-06,2026,Sunny,https://boxd.it/efP3NT,3.5,,,,2026-05-03,,
diary,2026-05-06,2026,Contact,https://boxd.it/efP4TN,4,,,,2026-05-03,,
ratings,2026-05-06,2026,Kedi Billa Killadi Ranga,https://boxd.it/5uHS,2.5,,,,,,
ratings,2026-05-06,2026,Sunny,https://boxd.it/2FoG,3.5,,,,,,
ratings,2026-05-06,2026,Contact,https://boxd.it/29OM,4,,,,,,
reviews,2026-05-06,2026,Kedi Billa Killadi Ranga,https://boxd.it/efP2rn,2.5,,Enjoyed,,2026-05-02,,
reviews,2026-05-06,2026,Sunny,https://boxd.it/efP3NT,3.5,,Beautiful,,2026-05-03,,
reviews,2026-05-06,2026,Contact,https://boxd.it/efP4TN,4,,Still I'll believe in science,,2026-05-03,,
diary,2026-05-17,2026,Karuppu,https://boxd.it/eoHuxX,2.5,,,,2026-05-16,,
diary,2026-05-17,2026,Love Insurance Kompany,https://boxd.it/eoHvOF,2,,,,2026-05-17,,
diary,2026-05-17,2026,The Matrix,https://boxd.it/eoHNxn,4,,,,2026-05-17,,
ratings,2026-05-17,2026,Love Insurance Kompany,https://boxd.it/JTYO,2,,,,,,
ratings,2026-05-17,2026,The Matrix,https://boxd.it/2a1m,4,,,,,,
ratings,2026-05-17,2026,Karuppu,https://boxd.it/QE3M,2.5,,,,,,
reviews,2026-05-17,2026,Karuppu,https://boxd.it/eoHuxX,2.5,,Suriya's GBU,,2026-05-16,,
reviews,2026-05-17,2026,The Matrix,https://boxd.it/eoHNxn,4,,"Trying to live in the real world, but it wasn't real at all",,2026-05-17,,
diary,2026-05-24,2026,Whisper of the Heart,https://boxd.it/eugkGv,3.5,,,,2026-05-23,,
diary,2026-05-24,2026,Gifted,https://boxd.it/eugm3F,3,,,,2026-05-24,,
diary,2026-05-24,2026,I Saw the Devil,https://boxd.it/eugpqR,3.5,,,,2026-05-24,,
ratings,2026-05-24,2026,Whisper of the Heart,https://boxd.it/17uy,3.5,,,,,,
ratings,2026-05-24,2026,Gifted,https://boxd.it/e5dG,3,,,,,,
ratings,2026-05-24,2026,I Saw the Devil,https://boxd.it/FaK,3.5,,,,,,
reviews,2026-05-24,2026,Whisper of the Heart,https://boxd.it/eugkGv,3.5,,Just great things come together,,2026-05-23,,
reviews,2026-05-24,2026,Gifted,https://boxd.it/eugm3F,3,,A prodigy's usual story,,2026-05-24,,
reviews,2026-05-24,2026,I Saw the Devil,https://boxd.it/eugpqR,3.5,,Totally Haven't expected the second half,,2026-05-24,,
diary,2026-05-25,2026,Aftersun,https://boxd.it/ev47VR,4,Yes,,,2026-05-24,,
ratings,2026-05-25,2026,Aftersun,https://boxd.it/Arw0,4,,,,,,
reviews,2026-05-25,2026,Aftersun,https://boxd.it/ev47VR,4,Yes,My first re-watch. Still making me rethink and pressures me,,2026-05-24,,
diary,2026-06-01,2026,Kara,https://boxd.it/eBj06B,3,,,,2026-05-31,,
diary,2026-06-01,2026,Blast,https://boxd.it/eBj2Ob,3.5,,,,2026-05-31,,
ratings,2026-06-01,2026,Kara,https://boxd.it/T1NW,3,,,,,,
ratings,2026-06-01,2026,Blast,https://boxd.it/WpcG,3.5,,,,,,
reviews,2026-06-01,2026,Kara,https://boxd.it/eBj06B,3,,It goes good yet there are more evident gaps,,2026-05-31,,
reviews,2026-06-01,2026,Blast,https://boxd.it/eBj2Ob,3.5,,A good one with some decent writing,,2026-05-31,,
diary,2026-06-08,2026,The Motorcycle Diaries,https://boxd.it/eGW7sn,4,,,,2026-06-06,,
diary,2026-06-08,2026,"The Gangster, the Cop, the Devil",https://boxd.it/eHEjkD,3,Yes,,,2026-06-07,,
diary,2026-06-08,2026,Thattathin Marayathu,https://boxd.it/eHElM5,3.5,,,,2026-06-07,,
ratings,2026-06-08,2026,The Motorcycle Diaries,https://boxd.it/28nU,4,,,,,,
ratings,2026-06-08,2026,Thattathin Marayathu,https://boxd.it/3YPo,3.5,,,,,,
reviews,2026-06-08,2026,The Motorcycle Diaries,https://boxd.it/eGW7sn,4,,A wise man said that the destination is not important as the journey behind that.,,2026-06-06,,
reviews,2026-06-08,2026,"The Gangster, the Cop, the Devil",https://boxd.it/eHEjkD,3,Yes,A traditional Korean Psycho killer film,,2026-06-07,,
reviews,2026-06-08,2026,Thattathin Marayathu,https://boxd.it/eHElM5,3.5,,A simple story yet refreshing,,2026-06-07,,
diary,2026-06-29,2026,29,https://boxd.it/eZJreF,3,,,,2026-06-28,,
ratings,2026-06-29,2026,29,https://boxd.it/Wcjk,3,,,,,,
reviews,2026-06-29,2026,29,https://boxd.it/eZJreF,3,,"Some good dialogues, too good songs and yet the movie is bit different",,2026-06-28,,
